PK;NOMBRE;DESCRIPCION-ENTIDAD;HORARIO;EQUIPAMIENTO;TRANSPORTE;DESCRIPCION;ACCESIBILIDAD;CONTENT-URL;NOMBRE-VIA;CLASE-VIAL;TIPO-NUM;NUM;PLANTA;PUERTA;ESCALERAS;ORIENTACION;LOCALIDAD;PROVINCIA;CODIGO-POSTAL;COD-BARRIO;BARRIO;COD-DISTRITO;DISTRITO;COORDENADA-X;COORDENADA-Y;LATITUD;LONGITUD;TELEFONO;FAX;EMAIL;TIPO
2392;"Auditorio al aire libre Berlín";"Su mantenimiento es competencia de la Junta de Distrito de Chamartín.  Actividades: espectáculos variados durante los meses de verano.";"";"";"Metro: Concha Espina (línea 9).  Bus: 16, 29, 52.  Bicimad: Estación 197 (avenida de Concha Espina, 34).  Aparcamiento: Museo de la Ciudad (51) calle Príncipe de Vergara 152 y calle Pechuán.";"";"1";"http://www.madrid.es/sites/v/index.jsp?vgnextchannel=bfa48ab43d6bb410VgnVCM100000171f5a0aRCRD&vgnextoid=34137b503a71c010VgnVCM1000000b205a0aRCRD";"SAN ERNESTO";"CALLE";"V";"10";"";"";"";"";"MADRID";"MADRID";"28002";"3";"CIUDAD JARDIN";"5";"CHAMARTIN";"442714";"4477836";"40.449208447370104";"-3.6755539136331894";"";"";"";"/contenido/entidadesYorganismos/AuditoriosSalasConcierto"
10290803;"Auditorio al Aire Libre Recinto Ferial Vicálvaro";"";"";"";"Metro: Puerta de Arganda (Línea 9).  Cercanías RENFE: Vicálvaro (Líneas C2, C7, C8 y Regional).";"";"1";"http://www.madrid.es/sites/v/index.jsp?vgnextchannel=bfa48ab43d6bb410VgnVCM100000171f5a0aRCRD&vgnextoid=883ba0701d0da510VgnVCM1000001d4a900aRCRD";"POLIDEPORTIVO";"PASEO";"V";"142";"";"";"";"";"MADRID";"MADRID";"28032";"1";"CASCO H.VICALVARO";"19";"VICALVARO";"449366";"4473005";"40.40612285515847";"-3.5967208460494637";"";"";"";"/contenido/entidadesYorganismos/AuditoriosSalasConcierto"
122296;"Auditorio al aire libre. Carlos Jiménez de Parga";"Su mantenimiento es competencia de la Junta de Distrito de Puente de Vallecas.   Actividades : espectáculos variados durante los meses de verano.  Espacio abierto, acceso directo sin vallado.";"";"";"Metro: Miguel Hernández (línea 1)";"";"1";"http://www.madrid.es/sites/v/index.jsp?vgnextchannel=bfa48ab43d6bb410VgnVCM100000171f5a0aRCRD&vgnextoid=7d03cbf06c81c010VgnVCM1000000b205a0aRCRD";"RAFAEL ALBERTI";"AVENIDA";"V";"13";"";"";"";"";"MADRID";"MADRID";"28038";"4";"PALOMERAS SURESTE";"13";"PUENTE DE VALLECAS";"445830";"4471232";"40.389928882222264";"-3.6382448554479936";"915 887 307";"";"cultupvallecas@madrid.es";"/contenido/entidadesYorganismos/AuditoriosSalasConcierto"
2395;"Auditorio al aire libre. Centro Cultural el Pozo";"Su mantenimiento es competencia de la Junta de Puente de Vallecas.";"";"Actividades: espectáculos variados durante los meses de verano. Espacio con vallado perimetral y puerta de acceso.";"Cercanías Renfe: El Pozo (líneas C2, C7 y Regional).";"";"2";"http://www.madrid.es/sites/v/index.jsp?vgnextchannel=bfa48ab43d6bb410VgnVCM100000171f5a0aRCRD&vgnextoid=8cd27b503a71c010VgnVCM1000000b205a0aRCRD";"ANDALUCES DEL POZO";"CALLE";"V";"1";"";"";"";"";"MADRID";"MADRID";"28053";"1";"ENTREVIAS";"13";"PUENTE DE VALLECAS";"443905";"4469263";"40.372062320145766";"-3.66075779238216";"915 887 307";"";"cultupvallecas@madrid.es";"/contenido/entidadesYorganismos/AuditoriosSalasConcierto"
2396;"Auditorio al aire libre. Entrevías";"Su mantenimiento es competencia de la Junta de Puente de Vallecas.   Actividades: espectáculos variados durante los meses de verano. Espacio con vallado perimetral y puerta de acceso.";"";"";"Consulta los siguientes enlaces:";"";"2";"http://www.madrid.es/sites/v/index.jsp?vgnextchannel=bfa48ab43d6bb410VgnVCM100000171f5a0aRCRD&vgnextoid=1fe27b503a71c010VgnVCM1000000b205a0aRCRD";"SUR";"RONDA";"V";"2";"";"";"";"";"MADRID";"MADRID";"28053";"1";"ENTREVIAS";"13";"PUENTE DE VALLECAS";"442304";"4470116";"40.37963903974854";"-3.6796821404150357";"915 887 307";"";"cultupvallecas@madrid.es";"/contenido/entidadesYorganismos/AuditoriosSalasConcierto"
122325;"Auditorio al aire libre. Parque Aluche";"Su mantenimiento es competencia de la Junta de Distrito Latina.  Actividades : espectáculos variados durante los meses de verano.";"";"";"Metro de Madrid. Línea 5. Estación: Aluche.   Autobuses de la  EMT: líneas 25, 121 y 138.   Cercanías RENFE:. Línea C 5. Estación: Aluche.";"";"1";"http://www.madrid.es/sites/v/index.jsp?vgnextchannel=bfa48ab43d6bb410VgnVCM100000171f5a0aRCRD&vgnextoid=0023cbf06c81c010VgnVCM1000000b205a0aRCRD";"ILLESCAS";"CALLE";"V";"149";"";"";"";"";"MADRID";"MADRID";"28047";"4";"ALUCHE";"10";"LATINA";"435554";"4471619";"40.392680212409495";"-3.7593572957930554";"";"";"";"/contenido/entidadesYorganismos/AuditoriosSalasConcierto"
10290753;"Auditorio al aire libre. Parque Amós Acero";"Su mantenimiento es competencia de la Junta de Distrito de Puente de Vallecas.   Actividades: Espectáculos variados durante los meses de verano. Espacio abierto, acceso directo sin vallado.";"";"";"Consulta los siguientes enlaces:";"";"1";"http://www.madrid.es/sites/v/index.jsp?vgnextchannel=bfa48ab43d6bb410VgnVCM100000171f5a0aRCRD&vgnextoid=0688a0701d0da510VgnVCM1000001d4a900aRCRD";"SIERRA DE ALQUIFE";"CALLE";"V";"20";"";"";"";"";"MADRID";"MADRID";"28053";"2";"SAN DIEGO";"13";"PUENTE DE VALLECAS";"443462";"4471081";"40.38840925271774";"-3.666129894495819";"915 887 307";"";"cultupvallecas@madrid.es";"/contenido/entidadesYorganismos/AuditoriosSalasConcierto"
2393;"Auditorio al aire libre. Parque Cerro Almodóvar";"Su mantenimiento es competencia de la Junta de Distrito de Latina.  Actividades : espectáculos variados durante los meses de verano. Aforo máximo: 1200 espectadores.";"";"";"Metro de Madrid. Línea 6. Estación: Carpetana.  Autobuses de la EMT: Líneas: 17, 25 y 500.";"";"1";"http://www.madrid.es/sites/v/index.jsp?vgnextchannel=bfa48ab43d6bb410VgnVCM100000171f5a0aRCRD&vgnextoid=eb437b503a71c010VgnVCM1000000b205a0aRCRD";"MARCELINO CASTILLO";"CALLE";"V";"29";"";"";"";"";"MADRID";"MADRID";"28047";"4";"ALUCHE";"10";"LATINA";"436800";"4471778";"40.39420802732146";"-3.744692836307442";"";"";"";"/contenido/entidadesYorganismos/AuditoriosSalasConcierto"
2399;"Auditorio al aire libre. Parque de Canillejas";"Su mantenimiento es competencia de la Junta de Distrito de San Blas - Canillejas.   Actividades: espectáculos variados durante los meses de verano.";"";"";"Metro: Torre Arias (línea 5)";"";"0";"http://www.madrid.es/sites/v/index.jsp?vgnextchannel=bfa48ab43d6bb410VgnVCM100000171f5a0aRCRD&vgnextoid=59337b503a71c010VgnVCM1000000b205a0aRCRD";"NECTAR";"CALLE";"V";"32";"";"";"";"";"MADRID";"MADRID";"28022";"7";"CANILLEJAS";"20";"SAN BLAS-CANILLEJAS";"448169";"4477063";"40.442611374955234";"-3.611167964373918";"";"";"";"/contenido/entidadesYorganismos/AuditoriosSalasConcierto"
10724346;"Auditorio al aire libre. Parque de la Cuña Verde de O´Donnell";"Actividades: cine de verano y espectáculos musicales.";"";"";"Consulta los siguientes enlaces.";"";"1";"http://www.madrid.es/sites/v/index.jsp?vgnextchannel=bfa48ab43d6bb410VgnVCM100000171f5a0aRCRD&vgnextoid=35f0833f1eec3610VgnVCM1000001d4a900aRCRD";"FUENTE CARRANTONA";"CALLE";"V";"61";"";"";"";"";"MADRID";"MADRID";"28030";"3";"MARROQUINA";"14";"MORATALAZ";"446635";"4473699";"40.41220664353713";"-3.628972354235786";"";"";"";"/contenido/entidadesYorganismos/AuditoriosSalasConcierto"
2387;"Auditorio al aire libre. Parque de la Vaguada";"";"";"Templete de Música";"Metro: Peña Grande (línea 7), Barrio del Pilar (línea 9) Bus: 49 , 67 , 83 , 124 , 128 , 132 , 133 , 137";"Mantenimiento:Área de Gobierno de Medio Ambiente y Movilidad";"0";"http://www.madrid.es/sites/v/index.jsp?vgnextchannel=bfa48ab43d6bb410VgnVCM100000171f5a0aRCRD&vgnextoid=7e537b503a71c010VgnVCM1000000b205a0aRCRD";"VAGUADA";"PASEO";"V";"13";"";"";"";"Avenida de Betanzos con Paseo de la Vaguada";"MADRID";"MADRID";"28029";"4";"EL PILAR";"8";"FUENCARRAL-EL PARDO";"439712";"4481297";"40.48016602497203";"-3.7112978051427574";"";"";"";"/contenido/entidadesYorganismos/AuditoriosSalasConcierto"
2394;"Auditorio al aire libre. Parque de las Cruces";"Su mantenimiento es competencia de la Junta de Distrito de Latina. Está situado junto al estanque del Parque. Ubicación exacta en Google Maps .  Actividades : espectáculos variados durante los meses de verano.";"";"";"Metro de Madrid. Línea 5. Estación: Aluche. Autobuses de la EMT. Líneas: 47, 118, 121, 131, 155. Cercanías RENFE. Línea C 5. Estación: Aluche.";"";"0";"http://www.madrid.es/sites/v/index.jsp?vgnextchannel=bfa48ab43d6bb410VgnVCM100000171f5a0aRCRD&vgnextoid=93837b503a71c010VgnVCM1000000b205a0aRCRD";"POBLADOS";"AVENIDA";"V";"68";"";"";"";"";"MADRID";"MADRID";"28044";"7";"LAS AGUILAS";"10";"LATINA";"435534";"4470597";"40.383472075956185";"-3.759489504920487";"";"";"";"/contenido/entidadesYorganismos/AuditoriosSalasConcierto"
52514;"Auditorio al aire libre. Parque de Olof Palme";"Su mantenimiento es competencia de Medioambiente (Parques y Jardines).   Actividades: espectáculos variados durante los meses de verano.";"";"";"Metro: Plaza Elíptica (líneas 6 y 11).";"";"1";"http://www.madrid.es/sites/v/index.jsp?vgnextchannel=bfa48ab43d6bb410VgnVCM100000171f5a0aRCRD&vgnextoid=1185946be351c010VgnVCM2000000c205a0aRCRD";"CERECINOS";"CALLE";"V";"1";"";"";"";"";"MADRID";"MADRID";"28026";"6";"ZOFIO";"12";"USERA";"439527";"4470701";"40.384714506176095";"-3.712457801979168";"";"";"";"/contenido/entidadesYorganismos/AuditoriosSalasConcierto"
6622017;"Auditorio al aire libre. Parque de Pradolongo";"Su mantenimiento es competencia de Medioambiente. (Parques y Jardines).  Actividades: espectáculos variados durante los meses de verano.";"";"";"Cercanías Renfe: Orcasitas (línea C5).";"";"1";"http://www.madrid.es/sites/v/index.jsp?vgnextchannel=bfa48ab43d6bb410VgnVCM100000171f5a0aRCRD&vgnextoid=0bae296aa2c9a310VgnVCM2000000c205a0aRCRD";"POBLADOS";"AVENIDA";"V";"169";"";"";"";"";"MADRID";"MADRID";"28041";"7";"PRADOLONGO";"12";"USERA";"439998";"4469285";"40.37198635690731";"-3.7067765807244246";"";"";"";"/contenido/entidadesYorganismos/AuditoriosSalasConcierto"
2389;"Auditorio al aire libre. Parque del Calero";"";"";"Zona wifi Cafetería  El auditorio está abierto los días que hay programación cultural del Distrito, como Cine de Verano en julio, agosto y parte de septiembre, Clásicos a la Fresca en el mes de junio, Festival Joven en octubre... Éstas y otras actividades que puedan programarse siempre se publicitan. La cafetería abre durante el Cine de Verano.";"Metro: Quintana (línea 5), Barrio de la Concepción (línea 7).";"Mantenimiento: Dependiente de la Junta Municipal de Distrito de Ciudad Lineal.";"1";"http://www.madrid.es/sites/v/index.jsp?vgnextchannel=bfa48ab43d6bb410VgnVCM100000171f5a0aRCRD&vgnextoid=c6237b503a71c010VgnVCM1000000b205a0aRCRD";"JOSE DEL HIERRO";"CALLE";"V";"3";"";"";"";"";"MADRID";"MADRID";"28027";"4";"LA CONCEPCION";"15";"CIUDAD LINEAL";"444836";"4476387";"40.436300129244366";"-3.65040832835415";"917 654 317";"";"cultuclineal@madrid.es";"/contenido/entidadesYorganismos/AuditoriosSalasConcierto"
2388;"Auditorio al aire libre. Parque Enrique Tierno Galván";"Su mantenimiento es competencia de la Junta de Distrito de Arganzuela.  Actividades: espectáculos variados durante los meses de verano.";"";"";"Metro: Arganzuela-Planetario (línea 6).";"";"1";"http://www.madrid.es/sites/v/index.jsp?vgnextchannel=bfa48ab43d6bb410VgnVCM100000171f5a0aRCRD&vgnextoid=26937b503a71c010VgnVCM1000000b205a0aRCRD";"PLANETARIO";"AVENIDA";"V";"18";"";"";"";"";"MADRID";"MADRID";"28045";"4";"LEGAZPI";"2";"ARGANZUELA";"441830";"4471375";"40.39094565095867";"-3.685388348976816";"";"";"";"/contenido/entidadesYorganismos/AuditoriosSalasConcierto"
6622049;"Auditorio al aire libre. Parque Lineal del Manzanares";"Su mantenimiento es competencia de Medio Ambiente (Parques y Jardines).   Actividades: espectáculos variados durante los meses de verano.";"";"";"Metro: Hospital 12 de Octubre (línea 3).  Cercanías Renfe: Doce de Octubre (línea C5).";"";"1";"http://www.madrid.es/sites/v/index.jsp?vgnextchannel=bfa48ab43d6bb410VgnVCM100000171f5a0aRCRD&vgnextoid=6fb3296aa2c9a310VgnVCM2000000c205a0aRCRD";"PERALES";"CAMINO";"V";"1";"";"";"";"";"MADRID";"MADRID";"28026";"4";"ALMENDRALES";"12";"USERA";"440997";"4470593";"40.3838473693563";"-3.695126033420815";"";"";"";"/contenido/entidadesYorganismos/AuditoriosSalasConcierto"
52510;"Auditorio al aire libre. Pavones";"Su mantenimiento es competencia de la Junta de Distrito de Moratalaz.  Actividades: espectáculos variados durante los meses de verano.";"";"";"Metro: Pavones (línea 9).";"";"1";"http://www.madrid.es/sites/v/index.jsp?vgnextchannel=bfa48ab43d6bb410VgnVCM100000171f5a0aRCRD&vgnextoid=3845946be351c010VgnVCM2000000c205a0aRCRD";"HACIENDA DE PAVONES";"CALLE";"V";"209";"";"";"";"";"MADRID";"MADRID";"28030";"6";"VINATEROS";"14";"MORATALAZ";"445938";"4472508";"40.40142998557316";"-3.6370844112676117";"";"";"";"/contenido/entidadesYorganismos/AuditoriosSalasConcierto"
2397;"Auditorio al aire libre. Pilar García Peña (Parque Pinar del Rey)";"Su mantenimiento es competencia de la Junta de Distrito de Hortaleza.  Actividades: espectáculos variados durante los meses de verano.";"A especificar según evento.";"Aforo: 1500 personas";"Consultar los siguientes enlaces:";"";"1";"http://www.madrid.es/sites/v/index.jsp?vgnextchannel=bfa48ab43d6bb410VgnVCM100000171f5a0aRCRD&vgnextoid=b8a37b503a71c010VgnVCM1000000b205a0aRCRD";"CANILLAS";"CARRETERA";"V";"1";"";"";"";"";"MADRID";"MADRID";"28043";"3";"CANILLAS";"16";"HORTALEZA";"444274";"4479392";"40.46333523949564";"-3.657291981994152";"915 887 607";"";"cultuhortaleza@madrid.es";"/contenido/entidadesYorganismos/AuditoriosSalasConcierto"
52515;"Auditorio al aire libre. Plaza de Ermua";"Su mantenimiento es competencia de Medioambiente (Parques y Jardines).  Actividades: espectáculos variados durante los meses de verano.";"";"";"Consultar los siguientes enlaces";"";"1";"http://www.madrid.es/sites/v/index.jsp?vgnextchannel=bfa48ab43d6bb410VgnVCM100000171f5a0aRCRD&vgnextoid=c8b5946be351c010VgnVCM2000000c205a0aRCRD";"GUETARIA";"CALLE";"V";"56";"";"";"";"";"MADRID";"MADRID";"28041";"1";"ORCASITAS";"12";"USERA";"439227";"4469272";"40.37181825097326";"-3.7158569969901873";"";"";"";"/contenido/entidadesYorganismos/AuditoriosSalasConcierto"
5989871;"Auditorio Carmen Laforet (Ciudad Lineal)";"Ubicado en el Centro de Mayores Carmen Laforet";"De lunes a sábado, de 9 a 21 horas.";"Aforo: 190 personas Zona wifi";"Metro: Pinar de Chamartín (líneas 1, 4 y línea 1 metro ligero)";"";"1";"http://www.madrid.es/sites/v/index.jsp?vgnextchannel=bfa48ab43d6bb410VgnVCM100000171f5a0aRCRD&vgnextoid=fca22248514ae210VgnVCM1000000b205a0aRCRD";"JAZMIN";"CALLE";"V";"46";"";"";"";"";"MADRID";"MADRID";"28033";"9";"COSTILLARES";"15";"CIUDAD LINEAL";"443573";"4481211";"40.47967249471556";"-3.6657243894913565";"913 831 456";"";"cscsiena@madrid.es";"/contenido/entidadesYorganismos/AuditoriosSalasConcierto"
52513;"Auditorio de la Plaza de Chamberí - Templete";"Su mantenimiento es competencia de la Junta Municipal de Chamberí.  Actividades: espectáculos variados durante todo el año.";"";"";"Metro: Iglesia (línea 1).";"";"1";"http://www.madrid.es/sites/v/index.jsp?vgnextchannel=bfa48ab43d6bb410VgnVCM100000171f5a0aRCRD&vgnextoid=36a5946be351c010VgnVCM2000000c205a0aRCRD";"PLAZA DE CHAMBERI";"TEMPLETE";"T";"";"";"";"";"";"MADRID";"MADRID";"";"";"";"";"DISTRITO";"440877";"4476025";"40.43277092586933";"-3.6970484720506938";"";"";"";"/contenido/entidadesYorganismos/AuditoriosSalasConcierto"
11832607;"Auditorio Joaquín Rosado (Moncloa-Aravaca)";"";"";"Aforo: 280 personas. Zona wifi.";"Consultar los siguientes enlaces:";"";"1,6";"http://www.madrid.es/sites/v/index.jsp?vgnextchannel=bfa48ab43d6bb410VgnVCM100000171f5a0aRCRD&vgnextoid=66615b2575814810VgnVCM1000001d4a900aRCRD";"SANTA POLA";"CALLE";"V";"22";"";"";"";"";"MADRID";"MADRID";"28008";"1";"CASA DE CAMPO";"9";"MONCLOA-ARAVACA";"437516";"4475994";"40.432243310641894";"-3.7366613378902462";"915 487 772";"";"ccadiaz@madrid.es";"/contenido/entidadesYorganismos/AuditoriosSalasConcierto"
10631882;"Auditorio Municipal al aire libre Lola Camarena";"Su mantenimiento es competencia de la Junta de Distrito de Villa de Vallecas.   Actividades: espectáculos variados durante todo el año.";"";"";"Metro: La Gavia (línea 1).";"";"1";"http://www.madrid.es/sites/v/index.jsp?vgnextchannel=bfa48ab43d6bb410VgnVCM100000171f5a0aRCRD&vgnextoid=0dabd0b2571d1610VgnVCM1000001d4a900aRCRD";"LA GAVIA";"AVENIDA";"V";"13";"";"";"";"";"MADRID";"MADRID";"28051";"3";"ENSANCHE DE VALLECAS";"18";"VILLA DE VALLECAS";"448205";"4469500";"40.37447621683769";"-3.6101291550314283";"";"";"cultuvivallecas@madrid.es";"/contenido/entidadesYorganismos/AuditoriosSalasConcierto"
161051;"Auditorio Municipal el Espinillo";"";"";"2 pistas de balonmano";"Bus: 22 , 59 , 85 , 79 , 123";"";"1";"http://www.madrid.es/sites/v/index.jsp?vgnextchannel=bfa48ab43d6bb410VgnVCM100000171f5a0aRCRD&vgnextoid=b6a9ba61e681c010VgnVCM1000000b205a0aRCRD";"TERTULIA";"CALLE";"V";"5";"";"";"";"";"MADRID";"MADRID";"28041";"4";"LOS ROSALES";"17";"VILLAVERDE";"441178";"4468147";"40.36180966975026";"-3.6927748531714824";"";"";"";"/contenido/entidadesYorganismos/AuditoriosSalasConcierto"
7034889;"Auditorio Municipal Las Trece Rosas";"Su mantenimiento es competencia de la Junta de Distrito de Villa de Vallecas.   Actividades: espectáculos variados durante todo el año.";"";"";"Metro: Villa de Vallecas (línea 1).  Cercanías Renfe: Vallecas (líneas C2, C7 y Regional).";"";"1";"http://www.madrid.es/sites/v/index.jsp?vgnextchannel=bfa48ab43d6bb410VgnVCM100000171f5a0aRCRD&vgnextoid=d8c31bbad23cf310VgnVCM1000000b205a0aRCRD";"MONTE DE MONTJUICH";"CALLE";"V";"7";"";"";"";"acceso por calle Sierra Gorda con vuelta a Sierra del Torcal";"MADRID";"MADRID";"28031";"2";"CASCO H.VALLECAS";"18";"VILLA DE VALLECAS";"447581";"4470145";"40.38024953878224";"-3.6175290483217055";"";"";"";"/contenido/entidadesYorganismos/AuditoriosSalasConcierto"
2130;"Auditorio Nacional de Música";"Organismo dependiente del Instituto Nacional de las Artes Escénicas y de la Música (Ministerio de Cultura). Obra del arquitecto José María García de Paredes, fue inaugurado el 21 de octubre de 1988 y su construcción fue programada dentro del Plan Nacional de Auditorios, destinado a dotar al país de una adecuada infraestructura musical.";"";"";"Metro: Cruz del Rayo (línea 9),  Prosperidad (línea 4)";"";"1,6";"http://www.madrid.es/sites/v/index.jsp?vgnextchannel=bfa48ab43d6bb410VgnVCM100000171f5a0aRCRD&vgnextoid=c4a4eb6fbd71c010VgnVCM1000000b205a0aRCRD";"PRINCIPE DE VERGARA";"CALLE";"V";"146";"";"";"";"";"MADRID";"MADRID";"28002";"3";"CIUDAD JARDIN";"5";"CHAMARTIN";"442509";"4477500";"40.44617171623489";"-3.6779351112941345";"913 370 139 / 913 370 140";"";"auditorio.nacional@inaem.cultura.gob.es";"/contenido/entidadesYorganismos/AuditoriosSalasConcierto"
10290812;"Auditorio Parque de la Cuña Verde de Vicálvaro";"";"";"";"Consultar los siguientes enlaces";"";"1";"http://www.madrid.es/sites/v/index.jsp?vgnextchannel=bfa48ab43d6bb410VgnVCM100000171f5a0aRCRD&vgnextoid=1dbca0701d0da510VgnVCM1000001d4a900aRCRD";"CASALARREINA";"CALLE";"V";"26";"";"";"";"";"MADRID";"MADRID";"28032";"1";"CASCO H.VICALVARO";"19";"VICALVARO";"447938";"4473364";"40.4092735487853";"-3.613582880111065";"";"";"";"/contenido/entidadesYorganismos/AuditoriosSalasConcierto"
7397298;"Café Berlín";"";"";"Estilos: Flamenco, Jazz, Pop, Rock.";"Metro: Ópera (líneas 2, 5 y Ramal), Callao (líneas 3 y 5).  Bus: 75, 147, 146, 148, 44, 133, 001, 1, 2, 3, 46, 74.  Bicimad: Estaciones 23 (plaza de Santo Domingo, 1), 22 (calle Jacometrezo, 3).  Aparcamientos: Descalzas (20), plaza Descalzas y plaza San Martín; el Corte Inglés Callao (92), plaza de Callao.";"";"3";"http://www.madrid.es/sites/v/index.jsp?vgnextchannel=bfa48ab43d6bb410VgnVCM100000171f5a0aRCRD&vgnextoid=df5ec0b5d45d4410VgnVCM1000000b205a0aRCRD";"ANGELES";"COSTANILLA";"V";"20";"";"";"";"";"MADRID";"MADRID";"28013";"6";"SOL";"1";"CENTRO";"439941";"4474569";"40.41958857138475";"-3.7079430927433954";"915 215 752";"";"info@cafeberlin.es";"/contenido/entidadesYorganismos/AuditoriosSalasConcierto"
5304610;"Café Central";"";"";"Estilos: Jazz.";"Metro: Antón Martín (línea 1), Sol (líneas 1, 2 y 3).  Bus: 002, M1, 26, 32, 6, 65, M3  Cercanías Renfe: Sol (líneas C3, C4 y Regional).  Bicimad: Estaciones 34 (Plaza Jacinto Benavente), 52 (Plaza Santa Ana, 10).  Aparcamiento: Plaza de Santa Ana (77), plaza Jacinto Benavente (15).";"";"3";"http://www.madrid.es/sites/v/index.jsp?vgnextchannel=bfa48ab43d6bb410VgnVCM100000171f5a0aRCRD&vgnextoid=d3611cbd662c0210VgnVCM2000000c205a0aRCRD";"ANGEL";"PLAZA";"V";"10";"";"";"";"";"MADRID";"MADRID";"28012";"3";"CORTES";"1";"CENTRO";"440450";"4473965";"40.41418599606439";"-3.7018903169687927";"913 694 143";"";"programacion@cafecentralmadrid.com";"/contenido/entidadesYorganismos/AuditoriosSalasConcierto"
7035060;"Café La Palma";"";"";"Estilos: Canción de autor, Eléctrica, HipHop, House, Indie, Reggae, Rock.";"Metro: Noviciado (línea 2), San Bernardo (líneas 2 y 4), Ventura Rodríguez (línea 3).  Bus: 002, 147, 3.  Bicimad: Estación 15 (Calle norte n&amp;ordm; 8).";"";"3";"http://www.madrid.es/sites/v/index.jsp?vgnextchannel=bfa48ab43d6bb410VgnVCM100000171f5a0aRCRD&vgnextoid=2000aa5a863cf310VgnVCM1000000b205a0aRCRD";"PALMA";"CALLE";"V";"62";"";"";"";"";"MADRID";"MADRID";"28015";"5";"UNIVERSIDAD";"1";"CENTRO";"439936";"4475369";"40.426789806131936";"-3.708082724680818";"915 225 031";"";"cafelapalma@cafelapalma.com";"/contenido/entidadesYorganismos/AuditoriosSalasConcierto"
52511;"Centro Cultural Auditorio Parque El Paraíso (San Blas - Canillejas)";"";"";"";"Metro: Simancas (línea 7)";"";"1";"http://www.madrid.es/sites/v/index.jsp?vgnextchannel=bfa48ab43d6bb410VgnVCM100000171f5a0aRCRD&vgnextoid=a395946be351c010VgnVCM2000000c205a0aRCRD";"ARCENTALES";"AVENIDA";"V";"4";"";"";"";"";"MADRID";"MADRID";"28037";"2";"HELLIN";"20";"SAN BLAS-CANILLEJAS";"447225";"4475667";"40.42997621103139";"-3.6221773579444596";"915 888 065";"";"cultusanblas@madrid.es";"/contenido/entidadesYorganismos/AuditoriosSalasConcierto"
7582981;"Independance Club";"";"";"Estilos: Pop, Rock";"Metro: Estación del Arte (línea 1).  Bus: 26, 32, 6, 001, 10, 14, 27, 34, 37, 45, C03, E1.  Bicimad: Estaciones 67 (calle Almadén, 28), 81 (cuesta de Claudio Moyano), 50 (calle Santa Isabel, 57).  Aparcamiento: Sánchez Bustillo (37).  Cercanías Renfe: Atocha (líneas C1, C2, C3, C4, C4a, C4b, C5, C7, C10).";"";"3";"http://www.madrid.es/sites/v/index.jsp?vgnextchannel=bfa48ab43d6bb410VgnVCM100000171f5a0aRCRD&vgnextoid=faa5f49cf9847410VgnVCM2000000c205a0aRCRD";"ATOCHA";"CALLE";"V";"127";"";"";"";"";"MADRID";"MADRID";"28012";"3";"CORTES";"1";"CENTRO";"441210";"4473454";"40.409630697339814";"-3.6928774759221272";"683 516 474";"";"info@independanceclub.com";"/contenido/entidadesYorganismos/AuditoriosSalasConcierto"
11519883;"Pabellón de Convenciones (Recinto Ferial Casa de Campo)";"En el Recinto Ferial de la Casa de Campo y junto al Parque Madrid Río se encuentra el Pabellón de Convenciones, el mejor escenario para acoger ferias, salones profesionales, exposiciones, reuniones y presentaciones de producto. Situado en la entrada más occidental del recinto, este edificio gestionado por la empresa municipal Madrid Destino dispone de 2.886 metros cuadrados de superficie útil, distribuidos en una planta baja y una planta alta. Los arquitectos Jaime Ruiz y Francisco Cabrero diseñaron el Pabellón de Convenciones, que fue construido en 1953.  Durante los años 2019 y 2020, se llevaron a cabo las obras de rehabilitación estructural del edificio y reconstrucción de la Marquesina de la entrada principal. También se realizaron actuaciones de acondicionamiento y de renovación de sus instalaciones principales.";"";"";"Metro: Lago (Línea 10), Alto de Extremadura (Línea 6)  Bus: 31, 33, 36, 39, 65";"";"1";"http://www.madrid.es/sites/v/index.jsp?vgnextchannel=bfa48ab43d6bb410VgnVCM100000171f5a0aRCRD&vgnextoid=dfd722307a31d710VgnVCM1000001d4a900aRCRD";"PORTUGAL";"AVENIDA";"V";"";"";"";"";"";"MADRID";"MADRID";"28011";"1";"CASA DE CAMPO";"9";"MONCLOA-ARAVACA";"437456";"4474126";"40.4117160112298";"-3.7400898422689233";"915 787 789";"";"";"/contenido/entidadesYorganismos/AuditoriosSalasConcierto"
2390;"Pabellón Multiusos Madrid Arena (Recinto Ferial Casa de Campo)";"Recinto de gran espectacularidad, apropiado para desarrollar ferias, actos deportivos, corporativos o espectáculos. Es un lugar de encuentro para desarrollar grandes eventos. De planta circular y coronado por una imponente cúpula, es extremadamente versátil en cuanto a circulaciones y usos. Se distribuye en tres plantas conectadas entre sí, y está unido a través de un túnel con el Pabellón de Cristal y también con el Pabellón Satélite Madrid Arena, multiplicando así sus posibilidades. Tiene graderíos retráctiles, lo que permite una gran adaptabilidad a todas las necesidades.";"";"Dispone de vestuarios y camerinos, cafetería, barras y amplias zonas de carga y descarga, con acceso de camiones hasta la pista principal. El aforo está sujeto a la implantación del montaje a realizar.";"Metro: Lago (Línea 10), Puerta del Ángel (Línea 6)  Bus: 31, 33, 36, 39, 65";"";"1";"http://www.madrid.es/sites/v/index.jsp?vgnextchannel=bfa48ab43d6bb410VgnVCM100000171f5a0aRCRD&vgnextoid=c53179262ef5d010VgnVCM1000000b205a0aRCRD";"PRINCIPAL";"AVENIDA";"V";"14";"";"";"";"";"MADRID";"MADRID";"28011";"1";"CASA DE CAMPO";"9";"MONCLOA-ARAVACA";"437456";"4474126";"40.41352730435772";"-3.7384704159174076";"915 787 758";"";"";"/contenido/entidadesYorganismos/AuditoriosSalasConcierto"
12284445;"Sala B";"";"";"Estilos: Pop, Rock";"Metro: Bilbao (líneas 1 y 4)  Bus: 147, 37, 40,";"";"3";"http://www.madrid.es/sites/v/index.jsp?vgnextchannel=bfa48ab43d6bb410VgnVCM100000171f5a0aRCRD&vgnextoid=43d16ffbe7c9d810VgnVCM1000001d4a900aRCRD";"TRAFALGAR";"CALLE";"V";"6";"";"";"";"";"MADRID";"MADRID";"28010";"3";"TRAFALGAR";"7";"CHAMBERI";"440610";"4475861";"40.4312772959918";"-3.700183202284456";"";"";"salab@tabernabienmesabe.com";"/contenido/entidadesYorganismos/AuditoriosSalasConcierto"
3936;"Sala Barco";"";"";"Estilos: Blues, Funk, Jazz, Rock";"Bus: 002  Bicimad: 55 - Plaza de San Ildefonso";"";"3";"http://www.madrid.es/sites/v/index.jsp?vgnextchannel=bfa48ab43d6bb410VgnVCM100000171f5a0aRCRD&vgnextoid=71b21e79ee71c010VgnVCM1000000b205a0aRCRD";"BARCO";"CALLE";"V";"34";"";"";"";"";"MADRID";"MADRID";"28004";"5";"UNIVERSIDAD";"1";"CENTRO";"440424";"4474956";"40.42311058587238";"-3.7022819005218306";"915 317 754";"";"pdejuan@barcobar.com";"/contenido/entidadesYorganismos/AuditoriosSalasConcierto"
10187391;"Sala Barracudas";"";"";"Estilos: Rock, Metal, Blues, Hardcore, Pop, Canción de Autor, etc.";"Metro: Parque de las Avenidas (línea 7).  Bus: 48, 43, 53, 74.  Bicimad: Estaciones 240 (avenida de Brasilia, 9)";"";"3";"http://www.madrid.es/sites/v/index.jsp?vgnextchannel=bfa48ab43d6bb410VgnVCM100000171f5a0aRCRD&vgnextoid=c89d12e1c4d48510VgnVCM2000001f4a900aRCRD";"BRESCIA";"CALLE";"V";"19";"";"";"";"";"MADRID";"MADRID";"28028";"4";"GUINDALERA";"4";"SALAMANCA";"443825";"4476441";"40.43672107982399";"-3.662331952698921";"693 757 061";"";"mail.barracudas@gmail.com";"/contenido/entidadesYorganismos/AuditoriosSalasConcierto"
6907373;"Sala Beer Station";"";"";"Estilos: Canción de autor, Comedia, Humor.";"Metro: Santo Domingo (línea 2), Callao (líneas 3 y 5).  Bus: 75, 44, 146, 147, 133, 148, 001, 1, 2, 3, 46, 74.  Bicimad: Estaciones 23 (plaza de Santo Domingo, 1), 22 (calle Jacometrezo, 3).  Aparcamientos: Descalzas (20) plaza Descalzas y plaza San Martín; Isabel la Católica (98) calle Isabel la Católica; el Corte Inglés Callao (92), plaza de Callao.";"";"3";"http://www.madrid.es/sites/v/index.jsp?vgnextchannel=bfa48ab43d6bb410VgnVCM100000171f5a0aRCRD&vgnextoid=d6c706172d21e310VgnVCM1000000b205a0aRCRD";"SANTO DOMINGO";"CUESTA";"V";"22";"";"";"";"";"MADRID";"MADRID";"28013";"1";"PALACIO";"1";"CENTRO";"439897";"4474584";"40.41971799907849";"-3.7084630982794464";"915 472 748";"";"beerstation22@gmail.com";"/contenido/entidadesYorganismos/AuditoriosSalasConcierto"
4072;"Sala Big Mama Ballroom";"";"";"Estilos: Jazz, Swing.";"Metro: Embajadores (líneas 3 y 5), Palos de la Frontera (línea 3).  Bus: 148, 60, 78, 119, 34, 36, 41, C03, C2, C1.  Cercanías Renfe: Embajadores (línea C5)  Bicimad: Estaciones 47 (glorieta Embajadores, 6), 48 (glorieta de Embajadores, 2), 49 (Ronda de Atocha, 34)";"";"3";"http://www.madrid.es/sites/v/index.jsp?vgnextchannel=bfa48ab43d6bb410VgnVCM100000171f5a0aRCRD&vgnextoid=fb6d7b503a71c010VgnVCM1000000b205a0aRCRD";"BERNARDINO OBREGON";"CALLE";"V";"3";"";"";"";"";"MADRID";"MADRID";"28012";"6";"PALOS DE LA FRONTERA";"2";"ARGANZUELA";"440603";"4472862";"40.404252851320074";"-3.6999784000568807";"917 648 018";"";"ballroom@bigmamaswing.com";"/contenido/entidadesYorganismos/AuditoriosSalasConcierto"
5870929;"Sala Búho Real";"";"";"Estilos: Canción de autor, Músicas del mundo, Pop, Rock.";"Metro: Chueca (línea 5), Alonso Martínez (líneas 4, 5 y 10).  Bus: 37, 3.  Bicimad: Estaciones 7 (calle Hortaleza, 75)  Cercanías Renfe: Recoletos (líneas C1, C2, C7, C10 y Regional).  Aparcamientos: Gravina 21 (89), calle Gravina; garaje Piamonte (96), Villa de París (67), plaza Villa de París.";"";"3";"http://www.madrid.es/sites/v/index.jsp?vgnextchannel=bfa48ab43d6bb410VgnVCM100000171f5a0aRCRD&vgnextoid=874a3a351236c210VgnVCM2000000c205a0aRCRD";"REGUEROS";"";"V";"5";"";"";"";"";"MADRID";"MADRID";"28004";"4";"JUSTICIA";"1";"CENTRO";"440907";"4475115";"40.42457440594493";"-3.6966030107897336";"";"";"salabuhorealbar@gmail.com";"/contenido/entidadesYorganismos/AuditoriosSalasConcierto"
71529;"Sala Bule Bule";"";"";"Estilos: Pop.";"Metro: Banco de España (línea 2).  Bus: 001, 002, 1, 146, 2, 3, 46, 74, 9, 15, 150, 20, 5, 51, 53, 52.  Bicimad: Estaciones 28 (calle Alcalá, 27).  Aparcamiento: Plaza del Rey (54).";"";"3";"http://www.madrid.es/sites/v/index.jsp?vgnextchannel=bfa48ab43d6bb410VgnVCM100000171f5a0aRCRD&vgnextoid=66065cee4051c010VgnVCM2000000c205a0aRCRD";"MARQUES DE VALDEIGLESIAS";"CALLE";"V";"6";"";"";"";"";"MADRID";"MADRID";"28004";"4";"JUSTICIA";"1";"CENTRO";"440864";"4474567";"40.41963173758756";"-3.6970581797174273";"914 380 553";"";"info@bulebulemadrid.com";"/contenido/entidadesYorganismos/AuditoriosSalasConcierto"
7397202;"Sala Cadavra Club";"";"";"Estilos: Indie, Pop, PopRock, Rock.";"Metro: Gran Vía (líneas 1 y 5), Sevilla (línea 2), Sol (líneas 1, 2 y 3).  Bus: 002, 1, 146, 2, 3, 46, 74, 52.  Bicimad: Estaciones 210 (calle Tres Cruces, 7), 211 (calle Desengaño, 1), 18 (plaza de Pedro Zerolo, 1).  Cercanías Renfe:  Sol (líneas C3, C4, C4a, C4b y Regional).    Aparcamiento: Pedro Zerolo (71), plaza Pedro Zerolo; Barco 1 (88), calle Barco; plaza del Carmen (8), Sevilla (41), calle Sevilla y calle Alcalá; Hub de Movilidad Canalejas 360 (1239) calle Alcalá, 17).";"";"3";"http://www.madrid.es/sites/v/index.jsp?vgnextchannel=bfa48ab43d6bb410VgnVCM100000171f5a0aRCRD&vgnextoid=bfce2572f35d4410VgnVCM1000000b205a0aRCRD";"CABALLERO DE GRACIA";"CALLE";"V";"10";"";"";"";"";"MADRID";"MADRID";"28013";"6";"SOL";"1";"CENTRO";"440547";"4474548";"40.41944182044671";"-3.700799788807606";"915 221 815";"";"hello@cadavraclub.com";"/contenido/entidadesYorganismos/AuditoriosSalasConcierto"
11014228;"Sala Cadillac Solitario";"";"";"Estilos: Indie, Pop, Rock.";"Metro: Herrera Oria (línea 9).  Bus: 67, 83, 133, 124, 175, 178.  Cercaníias Renfe: Ramón y Cajal (líneas C3a, C7, C8 y Regional).";"";"3";"http://www.madrid.es/sites/v/index.jsp?vgnextchannel=bfa48ab43d6bb410VgnVCM100000171f5a0aRCRD&vgnextoid=bfa5553c74a1d610VgnVCM2000001f4a900aRCRD";"FERMIN CABALLERO";"CALLE";"V";"6";"";"";"";"";"MADRID";"MADRID";"28034";"5";"LA PAZ";"8";"FUENCARRAL-EL PARDO";"440725";"4482079";"40.48729435461303";"-3.699402329671547";"609 454 556";"";"info@cadillacsolitario.com";"/contenido/entidadesYorganismos/AuditoriosSalasConcierto"
5942340;"Sala Cardamomo";"";"";"Estilos: Flamenco, Jazz.";"Metro: Sevilla (línea 2), Antón Martín (línea 1), Sol (líneas 1, 2 y 3).  Bus: 002, M1, 51.  Cercanías Renfe: Sol (líneas C3, C, C4a, C4b y Regional).";"";"3";"http://www.madrid.es/sites/v/index.jsp?vgnextchannel=bfa48ab43d6bb410VgnVCM100000171f5a0aRCRD&vgnextoid=d2834ff84bbed210VgnVCM1000000b205a0aRCRD";"ECHEGARAY";"CALLE";"V";"15";"";"";"";"";"MADRID";"MADRID";"28014";"3";"CORTES";"1";"CENTRO";"440650";"4474106";"40.41546754063365";"-3.6995403937914704";"918 05 10 38 / 691 022 117";"";"reservas@cardamomo.com";"/contenido/entidadesYorganismos/AuditoriosSalasConcierto"
11633752;"Sala Cien por Cien";"";"";"Estilos: Pop español, Rock español";"Metro: Alonso Cano (línea 7), Canal (líneas 2 y 7).  Bus: 12, 149, 3, 37.   Bicimad:  Estaciones 201 (calle José Abascal, 2), 129 (calle José Abascal, 33), 246 (calle Santa Engracia, 87).";"";"3";"http://www.madrid.es/sites/v/index.jsp?vgnextchannel=bfa48ab43d6bb410VgnVCM100000171f5a0aRCRD&vgnextoid=3388398ebdbaf710VgnVCM2000001f4a900aRCRD";"SANTISIMA TRINIDAD";"CALLE";"V";"30";"";"";"";"";"MADRID";"MADRID";"28010";"3";"TRAFALGAR";"7";"CHAMBERI";"440547";"4476590";"40.43783445654716";"-3.700994506227161";"910 291 254";"";"info@cienporcienmadrid.es";"/contenido/entidadesYorganismos/AuditoriosSalasConcierto"
3891;"Sala Clamores";"";"";"Estilos: Blues, Flamenco, Funk, Indie, Jam Session, Jazz, Músicas del mundo.";"Metro: Bilbao (líneas 1 y 4), Quevedo (línea 2), Iglesia (línea 1).  Bus: 147, 37, 40, 149.  Bicimad: Estación 124 (calle manuel Silvela, 20).  Aparcamiento: Olavide (52), plaza de Olavide.";"";"3";"http://www.madrid.es/sites/v/index.jsp?vgnextchannel=bfa48ab43d6bb410VgnVCM100000171f5a0aRCRD&vgnextoid=bfa7b069a541f010VgnVCM1000000b205a0aRCRD";"ALBURQUERQUE";"CALLE";"V";"14";"";"";"";"";"MADRID";"MADRID";"28010";"3";"TRAFALGAR";"7";"CHAMBERI";"440546";"4475846";"40.431131392042815";"-3.700934446544107";"914 455 480";"";"info@salaclamores.com";"/contenido/entidadesYorganismos/AuditoriosSalasConcierto"
4919012;"Sala Contraclub";"";"";"Estilos: Heavy, Indie, Metal, Rock.";"Metro: La Latina (línea 5).  Bus: 148, 3, M3.  Bicimad: Estación 166 (calle Segovia, 26).";"";"3";"http://www.madrid.es/sites/v/index.jsp?vgnextchannel=bfa48ab43d6bb410VgnVCM100000171f5a0aRCRD&vgnextoid=cdd1e822e5a0a110VgnVCM2000000c205a0aRCRD";"BAILEN";"CALLE";"V";"16";"";"";"";"";"MADRID";"MADRID";"28005";"1";"PALACIO";"1";"CENTRO";"439426";"4473790";"40.41253196998061";"-3.713935264597266";"913 652 441";"";"info@contraclub.es";"/contenido/entidadesYorganismos/AuditoriosSalasConcierto"
11784467;"Sala Corral de la Morería";"";"";"Estilos: Flamenco.";"Metro: La Latina (línea 5)  Bus: 148, 3, M3, 31, 50, 65   Bicimad:  166 - Segovia 26 n&amp;ordm; 26";"";"3";"http://www.madrid.es/sites/v/index.jsp?vgnextchannel=bfa48ab43d6bb410VgnVCM100000171f5a0aRCRD&vgnextoid=f8f3f6f716773810VgnVCM2000001f4a900aRCRD";"MORERIA";"CALLE";"V";"17";"";"";"";"";"MADRID";"MADRID";"28005";"1";"PALACIO";"1";"CENTRO";"439399";"4473810";"40.412712789880366";"-3.7142548150063295";"913 658 446";"";"reservas@corraldelamoreria.com";"/contenido/entidadesYorganismos/AuditoriosSalasConcierto"
11782806;"Sala El Despertar";"";"";"Estilos: Jazz.";"Metro: Antón Martín (línea 1)  Bus: 26, 32, 6, M1.  Bicimad: Estaciones 41 (calle Atocha, 54), 42 (calle Santa Isabel, 32)";"";"3";"http://www.madrid.es/sites/v/index.jsp?vgnextchannel=bfa48ab43d6bb410VgnVCM100000171f5a0aRCRD&vgnextoid=cd89493f6b463810VgnVCM1000001d4a900aRCRD";"TORRECILLA DEL LEAL";"CALLE";"V";"18";"";"";"";"";"MADRID";"MADRID";"28012";"2";"EMBAJADORES";"1";"CENTRO";"440648";"4473593";"40.41084840172144";"-3.6995137751716403";"915 308 095";"";"cafeeldespertar@hotmail.com";"/contenido/entidadesYorganismos/AuditoriosSalasConcierto"
11782876;"Sala El Intruso";"";"";"Estilos: Blues, funk, jazz, soul.";"Metro: Chueca (línea 5), Tribunal (líneas 1 y 10).  Bus: 3, 002.  Bicimad: Estaciones 55 (plaza de San Ildefonso), 6 (calle Hortaleza, 63), 58 (calle Augusto Figueroa, 33).  Aparcamientos: Aparcamiento Escuelas de San Antón (91), Santa Brigida; Mercado San Antón (94), Libertad; Pedro Zerolo (71), plaza Pedro Zerolo.";"";"3";"http://www.madrid.es/sites/v/index.jsp?vgnextchannel=bfa48ab43d6bb410VgnVCM100000171f5a0aRCRD&vgnextoid=356f493f6b463810VgnVCM1000001d4a900aRCRD";"AUGUSTO FIGUEROA";"CALLE";"V";"3";"";"";"";"";"MADRID";"MADRID";"28004";"4";"JUSTICIA";"1";"CENTRO";"440603";"4474946";"40.42302865076366";"-3.700179827881794";"";"";"info@intrusobar.com";"/contenido/entidadesYorganismos/AuditoriosSalasConcierto"
11782954;"Sala El perro de la parte de atrás del coche";"";"";"Estilos: Alternativa,Indie, Pop, Rock";"Metro: Callao (líneas 3 y 5).  Bus: 002.  Bicimad: Estación 17 (plaza de Carlos Cambronero, 2).  Aparcamientos: Luna-Tudescos (14), plaza Santa María Soledad Torres Acosta con vuelta a calle Luna; Barco 1(88), calle Barco.";"";"3";"http://www.madrid.es/sites/v/index.jsp?vgnextchannel=bfa48ab43d6bb410VgnVCM100000171f5a0aRCRD&vgnextoid=f1f2493f6b463810VgnVCM1000001d4a900aRCRD";"PUEBLA";"CALLE";"V";"15";"";"";"";"";"MADRID";"MADRID";"28004";"5";"UNIVERSIDAD";"1";"CENTRO";"440288";"4474863";"40.4222576556999";"-3.703874418839117";"";"";"elperroclubmad@gmail.com";"/contenido/entidadesYorganismos/AuditoriosSalasConcierto"
3917;"Sala El Sol";"";"";"Estilos: Todos los estilos.";"Metro: Gran Vía (línea 1 y 5), Sol (líneas 1, 2 y 3).  Bus: 001, 1, 146, 2, 3, 46, 74, 002.  Bicimad: Estación 210 (Tres Cruces, 7) / Estación 56 (plaza del Carmen, 1).  Cercanías Renfe: Sol (líneas C3, C4, C4a, C4b y Regional).  Aparcamiento: Plaza del Carmen (8).";"";"3";"http://www.madrid.es/sites/v/index.jsp?vgnextchannel=bfa48ab43d6bb410VgnVCM100000171f5a0aRCRD&vgnextoid=c20eff632081c010VgnVCM1000000b205a0aRCRD";"JARDINES";"CALLE";"V";"3";"";"";"";"";"MADRID";"MADRID";"28013";"6";"SOL";"1";"CENTRO";"440477";"4474497";"40.418975770642675";"-3.7016187703744237";"915 326 490";"";"programacion@salaelsol.com";"/contenido/entidadesYorganismos/AuditoriosSalasConcierto"
11783007;"Sala El Sótano";"";"";"";"Metro: La Latina (línea 5).  Bus: M1, 002, 17, 18, 23, 35, 60, M3  Bicimad: Estación 39 (plaza de la Cebada, 16).  Aparcamiento: Mercado de la Cebada (501), plaza de la Cebada.";"";"3";"http://www.madrid.es/sites/v/index.jsp?vgnextchannel=bfa48ab43d6bb410VgnVCM100000171f5a0aRCRD&vgnextoid=a9b4493f6b463810VgnVCM1000001d4a900aRCRD";"MALDONADAS";"CALLE";"V";"6";"";"";"";"";"MADRID";"MADRID";"28005";"2";"EMBAJADORES";"1";"CENTRO";"439945";"4473612";"40.410963258677214";"-3.707804845662597";"";"";"info@salaelsotano.com";"/contenido/entidadesYorganismos/AuditoriosSalasConcierto"
11783046;"Sala Elefante Blanco";"";"";"Estilos: Rock";"Metro: Alfonso XIII (línea 4)  Bus: 72, 73, 9     Bicimad: 293 (Santa Rita 1)";"";"3";"http://www.madrid.es/sites/v/index.jsp?vgnextchannel=bfa48ab43d6bb410VgnVCM100000171f5a0aRCRD&vgnextoid=a866493f6b463810VgnVCM1000001d4a900aRCRD";"SANTA HORTENSIA";"CALLE";"V";"14";"";"";"";"";"MADRID";"MADRID";"28002";"2";"PROSPERIDAD";"5";"CHAMARTIN";"443192";"4477384";"40.44516934861189";"-3.6698726835280313";"615 340 892";"";"elefanteblancodirectos@gmail.com";"/contenido/entidadesYorganismos/AuditoriosSalasConcierto"
11783180;"Sala Fotomatón";"";"";"Estilos: Electropop, Indie, IndiePop.";"Metro: Noviciado (línea 2), Plaza de España (líneas 3 y 10).  Bus: 002, 39, 25, 001, 1, 133, 2, 44, 147, 3, 148, 46, 74, 75.  Bicimad: Estación 116b (calle de los Reyes, 10).  Aparcamiento: Mostenses (50), plaza Mostenses y calle Ricardo León; plaza de España (53).";"";"3";"http://www.madrid.es/sites/v/index.jsp?vgnextchannel=bfa48ab43d6bb410VgnVCM100000171f5a0aRCRD&vgnextoid=344081c89d463810VgnVCM1000001d4a900aRCRD";"CONDE DE TORENO";"PLAZA";"V";"2";"";"";"";"";"MADRID";"MADRID";"28015";"5";"UNIVERSIDAD";"1";"CENTRO";"439811";"4475125";"40.42458980934571";"-3.709521523733107";"";"";"";"/contenido/entidadesYorganismos/AuditoriosSalasConcierto"
11783224;"Sala Fulanita de tal";"";"";"Estilos: Canción de autor, Indie, Pop, Soul";"Metro: Chueca (línea 5), Alonso Martínez (líneas 4, 5 y 10).  Bus: 37, 3.  Bicimad: Estaciones 7 (calle Hortaleza, 75),  Cercanías Renfe: Recoletos (líneas C1, C2, C7, C10 y Regional).  Aparcamientos: Gravina 21 (89), calle Gravina; garaje Piamonte (96), Villa de París (67), plaza Villa de París.";"";"3";"http://www.madrid.es/sites/v/index.jsp?vgnextchannel=bfa48ab43d6bb410VgnVCM100000171f5a0aRCRD&vgnextoid=eee381c89d463810VgnVCM1000001d4a900aRCRD";"REGUEROS";"CALLE";"V";"9";"";"";"";"";"MADRID";"MADRID";"28004";"4";"JUSTICIA";"1";"CENTRO";"440920";"4475127";"40.42468328465713";"-3.696460198357803";"661 724 191";"";"actuaciones@fulanitadetal.com";"/contenido/entidadesYorganismos/AuditoriosSalasConcierto"
11783244;"Sala Fun House";"";"";"Estilos: Garage, Rock, RythmBlues";"Metro: Bilbao (líneas 1 y 4), Quevedo (línea 2), Iglesia (línea 1).  Bus: 147, 37, 40, 149.  Bicimad: Estación 124 (calle manuel Silvela, 20).  Aparcamientos: Olavide (52), plaza de Olavide, Fuencarral (27), calle Fuencarral entre 111 y 121.";"";"3";"http://www.madrid.es/sites/v/index.jsp?vgnextchannel=bfa48ab43d6bb410VgnVCM100000171f5a0aRCRD&vgnextoid=da4581c89d463810VgnVCM1000001d4a900aRCRD";"PALAFOX";"CALLE";"V";"8";"";"";"";"";"MADRID";"MADRID";"28010";"3";"TRAFALGAR";"7";"CHAMBERI";"440524";"4475870";"40.43134824139681";"-3.701186635650276";"910 176 619";"";"funhousemusicclub@gmail.com";"/contenido/entidadesYorganismos/AuditoriosSalasConcierto"
4676603;"Sala Galileo Galilei";"";"";"Estilos: Canción de autor, Músicas del mundo, PopRock.";"Metro: Islas Filipinas (línea 7), Canal (líneas 2 y 7).  Bus: 12, 2.  Bicimad: Estación 245 (calle Galileo, 63).";"";"3";"http://www.madrid.es/sites/v/index.jsp?vgnextchannel=bfa48ab43d6bb410VgnVCM100000171f5a0aRCRD&vgnextoid=b0aea3fc6abe5110VgnVCM1000000b205a0aRCRD";"GALILEO";"CALLE";"V";"100";"";"";"";"";"MADRID";"MADRID";"28015";"2";"ARAPILES";"7";"CHAMBERI";"439798";"4476674";"40.43854198735229";"-3.7098293621607557";"915 347 557";"";"artistas@salagalileo.com";"/contenido/entidadesYorganismos/AuditoriosSalasConcierto"
7035148;"Sala Gruta 77";"";"";"Estilos:  Garage Hardcore, Punk, Reggae, Rock, Rockabilly, Ska #Surf";"Metro: Oporto (líneas 5 y 6).  Bus: 118, 34, 35, 119, 55.";"";"3";"http://www.madrid.es/sites/v/index.jsp?vgnextchannel=bfa48ab43d6bb410VgnVCM100000171f5a0aRCRD&vgnextoid=2782ac07d83cf310VgnVCM1000000b205a0aRCRD";"CUCLILLO";"CALLE";"V";"6";"";"";"";"";"MADRID";"MADRID";"28019";"3";"SAN ISIDRO";"11";"CARABANCHEL";"437924";"4471401";"40.390900994216054";"-3.731412250041559";"914 712 370";"";"oficina@gruta77.com";"/contenido/entidadesYorganismos/AuditoriosSalasConcierto"
11783250;"Sala Hangar 48";"";"";"Estilos: Disco, House, Música negra, Otros, PopRock, Rock, Techno.";"Metro: La Latina (línea 5).  Bus: 148, 3, SE712, 60.  Bicimad: Estación 37 (plaza de San Francisco, 5).";"";"3";"http://www.madrid.es/sites/v/index.jsp?vgnextchannel=bfa48ab43d6bb410VgnVCM100000171f5a0aRCRD&vgnextoid=cf7681c89d463810VgnVCM1000001d4a900aRCRD";"BAILEN";"CALLE";"V";"24";"";"";"";"";"MADRID";"MADRID";"28005";"1";"PALACIO";"1";"CENTRO";"439414";"4473662";"40.411376122865256";"-3.714064363467543";"658 144 385";"";"info@hangar48.es";"/contenido/entidadesYorganismos/AuditoriosSalasConcierto"
11783707;"Sala Honky Tonk";"";"";"Estilos: Rock";"Metro: Alonso Martínez (líneas 4, 5 y 10), Bilbao (líneas 1 y 4).  Bus: 3, 147, 37, 40.   Bicimad:  Estaciones 124 (calle Manuel Silvela, 20), 122 (calle Santa Engracia, 14).";"";"3";"http://www.madrid.es/sites/v/index.jsp?vgnextchannel=bfa48ab43d6bb410VgnVCM100000171f5a0aRCRD&vgnextoid=3364fd7266963810VgnVCM1000001d4a900aRCRD";"COVARRUBIAS";"CALLE";"V";"24";"";"";"";"";"MADRID";"MADRID";"28010";"3";"TRAFALGAR";"7";"CHAMBERI";"440823";"4475743";"40.430222687472515";"-3.6976519453785786";"914 456 191";"";"honky@clubhonky.com";"/contenido/entidadesYorganismos/AuditoriosSalasConcierto"
11784538;"Sala Insomnio";"";"";"Estilos: Pop,rock.";"Metro: Canal (líneas 2 y 7)  Bus: 12, 2";"";"3";"http://www.madrid.es/sites/v/index.jsp?vgnextchannel=bfa48ab43d6bb410VgnVCM100000171f5a0aRCRD&vgnextoid=d4223474eb873810VgnVCM2000001f4a900aRCRD";"CEA BERMUDEZ";"CALLE";"V";"21";"";"";"";"";"MADRID";"MADRID";"28003";"2";"ARAPILES";"7";"CHAMBERI";"439824";"4476692";"40.438701369028294";"-3.7095191721572607";"";"";"info@insomnioclub.es";"/contenido/entidadesYorganismos/AuditoriosSalasConcierto"
11784432;"Sala Jazzville";"";"";"";"Metro: Conde de Casal (línea 6).  Bus: 143, 156, 56, 20  Bicimad: Estaciones 82 (calle Doctor Esquerdo, 161), 73 (avenida de Nazaret, 7).";"";"3";"http://www.madrid.es/sites/v/index.jsp?vgnextchannel=bfa48ab43d6bb410VgnVCM100000171f5a0aRCRD&vgnextoid=173ef6f716773810VgnVCM2000001f4a900aRCRD";"JESUS APRENDIZ";"CALLE";"V";"19";"";"";"";"";"MADRID";"MADRID";"28007";"6";"NIÑO JESUS";"3";"RETIRO";"443061";"4473441";"40.40964834979396";"-3.6710672285180186";"";"";"jazzvillecafe@gmail.com";"/contenido/entidadesYorganismos/AuditoriosSalasConcierto"
12283925;"Sala La Caverna";"";"";"Estilos: Pop, rock";"Metro: Sevilla (línea 2)  Bus: 002, 51,M1, M3, 53  Cercanías Renfe: Sol (líneas C3, C, C4a, C4b y Regional).  Aparcamiento: Plaza de Santa Ana 77  Bicimad: 52 - Plaza de Santa Ana n&amp;ordm; 10";"";"3";"http://www.madrid.es/sites/v/index.jsp?vgnextchannel=bfa48ab43d6bb410VgnVCM100000171f5a0aRCRD&vgnextoid=3ac33f1d1ad8d810VgnVCM2000001f4a900aRCRD";"ECHEGARAY";"CALLE";"V";"11";"";"";"";"";"MADRID";"MADRID";"28014";"3";"CORTES";"1";"CENTRO";"440650";"4474124";"40.415632716956644";"-3.6995485871930462";"650 879 156";"";"lacavernaechegaray@gmail.com";"/contenido/entidadesYorganismos/AuditoriosSalasConcierto"
12284384;"Sala La Paqui";"";"";"Estilos: Indie, Pop, PopAlternativo, Rock, Rock Alternativo, Urban";"Metro: tribunal (líneas 1 y 10)  Bus: 149, 40, 21, 37 y CO3  Aparcamiento: calle Barceló (69), Arquitecto Ribera (Barceló) (17), Calle Barceló, 2";"";"3";"http://www.madrid.es/sites/v/index.jsp?vgnextchannel=bfa48ab43d6bb410VgnVCM100000171f5a0aRCRD&vgnextoid=88e9d723c5c9d810VgnVCM1000001d4a900aRCRD";"BARCELO";"CALLE";"V";"11";"";"";"";"";"MADRID";"MADRID";"28004";"4";"JUSTICIA";"1";"CENTRO";"440639";"4475377";"40.42691245380727";"-3.69979134642512";"";"";"";"/contenido/entidadesYorganismos/AuditoriosSalasConcierto"
11784434;"Sala Libertad 8";"";"";"Estilos: Canción de autor.";"Metro: Chueca (línea 5), Banco de España (línea 2).  Bus: 001, 1, 146, 2, 74, 002, 3, 46, 9, 15, 150, 20, 5, 53, 51, 52.  Bicimad: Estaciones 19 (calle Prim, 2), 18 (plaza de Pedro Zerolo, 1), 20a (calle Alcalá, 49)  Aparcamientos: Santa Brigida; Mercado San Antón (94), Libertad; Pedro Zerolo (71), plaza Pedro Zerolo; Plaza del Rey (54).";"";"3";"http://www.madrid.es/sites/v/index.jsp?vgnextchannel=bfa48ab43d6bb410VgnVCM100000171f5a0aRCRD&vgnextoid=fdcef6f716773810VgnVCM2000001f4a900aRCRD";"LIBERTAD";"CALLE";"V";"8";"";"";"";"";"MADRID";"MADRID";"28004";"4";"JUSTICIA";"1";"CENTRO";"440842";"4474685";"40.42069989726227";"-3.6973340734098006";"915 321 150";"";"informacion@libertad8cafe.es";"/contenido/entidadesYorganismos/AuditoriosSalasConcierto"
11784436;"Sala Maravillas";"";"";"Estilos: Pop, Rock";"Metro: Tribunal (líneas 1 y 10), Noviciado (línea 2).  Bus: 002.  Bicimad: Estaciones 59 (calle Espíritu Santo, 30), 11 (calle San Andrés, 18).";"";"3";"http://www.madrid.es/sites/v/index.jsp?vgnextchannel=bfa48ab43d6bb410VgnVCM100000171f5a0aRCRD&vgnextoid=1540f6f716773810VgnVCM2000001f4a900aRCRD";"SAN VICENTE FERRER";"CALLE";"V";"33";"";"";"";"";"MADRID";"MADRID";"28004";"5";"UNIVERSIDAD";"1";"CENTRO";"440254";"4475253";"40.42576766014132";"-3.7043188911922034";"";"";"";"/contenido/entidadesYorganismos/AuditoriosSalasConcierto"
12284398;"Sala Microteatro";"";"";"Estilos: Microteatro";"Metro: callao (lineas 3 y 5)  Bus: 002, 001, 1, 146, 2, 46, 74, 3  Aparcamiento:  Luna-Tudescos (14), P. Sta M&amp;ordf; Soledad Torres Acosta c/v c/Luna), calle Barco 1 (88)";"";"3";"http://www.madrid.es/sites/v/index.jsp?vgnextchannel=bfa48ab43d6bb410VgnVCM100000171f5a0aRCRD&vgnextoid=70bed723c5c9d810VgnVCM1000001d4a900aRCRD";"LORETO Y CHICOTE";"CALLE";"V";"9";"";"";"";"";"MADRID";"MADRID";"28004";"5";"UNIVERSIDAD";"1";"CENTRO";"440272";"4474782";"40.421531134455776";"-3.70405733689846";"915 218 874";"";"info@microteatro.es";"/contenido/entidadesYorganismos/AuditoriosSalasConcierto"
4676668;"Sala Moby Dick";"";"";"Estilos: Indie, Pop, Rock.";"Metro: Santiago Bernabeu (línea 10).  Bus: 5, 149.  Bicimad: Estación 154 (calle Orense, 36).  Aparcamiento: General Yag&amp;uuml;e (28), Avenida Brasil, 15.";"";"3";"http://www.madrid.es/sites/v/index.jsp?vgnextchannel=bfa48ab43d6bb410VgnVCM100000171f5a0aRCRD&vgnextoid=e2c1f1480bbe5110VgnVCM1000000b205a0aRCRD";"BRASIL";"AVENIDA";"V";"5";"";"";"";"";"MADRID";"MADRID";"28020";"2";"CUATRO CAMINOS";"6";"TETUAN";"441155";"4478434";"40.454491539123424";"-3.6939946298354283";"915 557 671";"";"mobydickclub@mobydickclub.com";"/contenido/entidadesYorganismos/AuditoriosSalasConcierto"
11784440;"Sala Moe";"";"";"Estilos: Blues, Funk, Jazz.";"Metro: Colombía (líneas 8 y 9), Cuzco (línea 10).  Bus: 11, 40, 14.  Bicimad: Estación 158 (avenida de Alberto Alcocer, 22).";"";"3";"http://www.madrid.es/sites/v/index.jsp?vgnextchannel=bfa48ab43d6bb410VgnVCM100000171f5a0aRCRD&vgnextoid=fc80f6f716773810VgnVCM2000001f4a900aRCRD";"ALBERTO ALCOCER";"AVENIDA";"V";"32";"";"";"";"";"MADRID";"MADRID";"28036";"4";"HISPANOAMERICA";"5";"CHAMARTIN";"442126";"4478859";"40.458391668385886";"-3.682578546152118";"";"";"info@moeclub.com";"/contenido/entidadesYorganismos/AuditoriosSalasConcierto"
11784444;"Sala Morocco";"";"";"";"Metro: Santo Domingo (línea 2).  Bus: 147, 3, 001, 1, 133, 148, 2, 44, 46, 74, 75, 146.  Bicimad: Estaciones 16 (calle San Bernardo, 22), 23 (plaza de Santo Domingo, 1), 2 (calle Miguel Moya, 1), 22 (calle Jacometrezo, 3).  Aparcamientos: Isabel la Católica (98), calle de Isabel la Católica; Mostenses (50), plaza Mostenses y calle Ricardo León; Luna-Tudescos (14), plaza Santa María Soledad Torres Acosta con vuelta a calle Luna; El Corte Inglés Callao (92), plaza de Callao.";"";"3";"http://www.madrid.es/sites/v/index.jsp?vgnextchannel=bfa48ab43d6bb410VgnVCM100000171f5a0aRCRD&vgnextoid=3372f6f716773810VgnVCM2000001f4a900aRCRD";"MARQUES DE LEGANES";"CALLE";"V";"7";"";"";"";"";"MADRID";"MADRID";"28004";"5";"UNIVERSIDAD";"1";"CENTRO";"439995";"4474846";"40.42208944721562";"-3.707330170865411";"670 776 069 / 630 652 585";"";"morocco@meteorica.net";"/contenido/entidadesYorganismos/AuditoriosSalasConcierto"
12284415;"Sala Nuevo Teatro Alcalá";"";"";"";"Metro: Principe e Vergara ( líneas 2 y 9)  Bus: 146, 152, 43, 15, 29, 52, 215, E2, E3, 21, 53, 30, 63, 26, 6, C1  Aparcamiento:  calle Veláquez Jorge Juan (43)";"";"3";"http://www.madrid.es/sites/v/index.jsp?vgnextchannel=bfa48ab43d6bb410VgnVCM100000171f5a0aRCRD&vgnextoid=4603d723c5c9d810VgnVCM1000001d4a900aRCRD";"JORGE JUAN";"CALLE";"V";"62";"";"";"";"";"MADRID";"MADRID";"28009";"2";"GOYA";"4";"SALAMANCA";"442464";"4474973";"40.42340491784923";"-3.678243555356179";"";"";"";"/contenido/entidadesYorganismos/AuditoriosSalasConcierto"
11784489;"Sala Olvido";"";"";"Estilos: Pop, Rock.";"Metro: Usera (línea 6).  Bus: 247, 47, 6, 78.  Bicimad: Estación 213 (calle Antonio López, 129).";"";"3";"http://www.madrid.es/sites/v/index.jsp?vgnextchannel=bfa48ab43d6bb410VgnVCM100000171f5a0aRCRD&vgnextoid=a1b7f6f716773810VgnVCM2000001f4a900aRCRD";"OLVIDO";"CALLE";"V";"15";"";"";"";"";"MADRID";"MADRID";"28026";"5";"MOSCARDO";"12";"USERA";"440347";"4470923";"40.38676778449733";"-3.7028121779092706";"619 222 919";"";"olvido15@telefonica.net";"/contenido/entidadesYorganismos/AuditoriosSalasConcierto"
12284431;"Sala Rincón del arte nuevo";"";"";"Estilos: Blues, Canción de autor, Jazz, Música Latina, Pop, Rock";"Metro: Tirso de molina (linea 1)  Bus: 31, 50, 65, 148, 3, M3";"";"3";"http://www.madrid.es/sites/v/index.jsp?vgnextchannel=bfa48ab43d6bb410VgnVCM100000171f5a0aRCRD&vgnextoid=fbdc6ffbe7c9d810VgnVCM1000001d4a900aRCRD";"SEGOVIA";"CALLE";"V";"17";"";"";"";"";"MADRID";"MADRID";"28005";"1";"PALACIO";"1";"CENTRO";"439559";"4473929";"40.4137944273976";"-3.7123838402216656";"";"";"";"/contenido/entidadesYorganismos/AuditoriosSalasConcierto"
11784480;"Sala Rockville";"";"";"Estilos: Rock";"Metro: Santiago Bernabeu (línea 10).  Bus: 149, 5, 43.  Bicimad: Estaciones 154 (calle Orense, 36), 153 (avenida del General Perón, 36).  Aparcamiento: General Yag&amp;uuml;e (28), Avenida Brasil, 15.";"";"3";"http://www.madrid.es/sites/v/index.jsp?vgnextchannel=bfa48ab43d6bb410VgnVCM100000171f5a0aRCRD&vgnextoid=70c5f6f716773810VgnVCM2000001f4a900aRCRD";"BRASIL";"AVENIDA";"V";"3";"";"";"";"";"MADRID";"MADRID";"28020";"2";"CUATRO CAMINOS";"6";"TETUAN";"441148";"4478377";"40.45397721814547";"-3.6940692978540577";"638 01 56 50";"";"";"/contenido/entidadesYorganismos/AuditoriosSalasConcierto"
11784498;"Sala Shoko Live";"";"";"Estilos: hiphop, latino, rock.";"Metro: La Latina (línea 5).  Bus: 002, 17, 18, 23, 35, 60, 148, 3.  Bicimad: Estación 45 (glorieta de la Puerta de Toledo, 1.  Aparcamientos: La Latina (86), calle de Toledo; Mercado de la Cebada (501), plaza de la Cebada; Puerta Toledo (64), Glorieta Puerta Toledo con vuelta Capitan Salazar Martínez.";"";"3";"http://www.madrid.es/sites/v/index.jsp?vgnextchannel=bfa48ab43d6bb410VgnVCM100000171f5a0aRCRD&vgnextoid=174a3474eb873810VgnVCM2000001f4a900aRCRD";"TOLEDO";"CALLE";"V";"86";"";"";"";"";"MADRID";"MADRID";"28005";"1";"PALACIO";"1";"CENTRO";"439707";"4473364";"40.408711650639454";"-3.710591520837748";"663 700 844";"";"samantha@shokomadrid.com";"/contenido/entidadesYorganismos/AuditoriosSalasConcierto"
11784510;"Sala Silikona";"";"";"Estilos: Heavy Metal, Pop, Rock.";"Metro: Vinateros (línea 9).  Bus: 100, 8, 20, 30, 32.  Bicimad: Estación 220 (calle Arrroyo de las Pilillas, 6).   Aparcamiento:  Encuentro (4), plaza Encuentro.";"";"3";"http://www.madrid.es/sites/v/index.jsp?vgnextchannel=bfa48ab43d6bb410VgnVCM100000171f5a0aRCRD&vgnextoid=085c3474eb873810VgnVCM2000001f4a900aRCRD";"ENCUENTRO";"PLAZA";"V";"1";"";"";"";"";"MADRID";"MADRID";"28030";"4";"MEDIA LEGUA";"14";"MORATALAZ";"444675";"4473006";"40.40583620131156";"-3.6520077936350175";"914 399 476 / 650 829 322";"";"info@silikona.es";"/contenido/entidadesYorganismos/AuditoriosSalasConcierto"
11784520;"Sala Siroco";"";"";"Estilos: Electrónica, funk, indie, pop, reggae, rock.";"Metro: Noviciado (línea 2), San Bernardo (líneas 2 y 4).  Bus: 147, 3, 001, 1, 133, 148, 2, 44, 46, 74, 75, 146  Bicimad: Estaciones 15 (calle San Vicente Ferrer, 64), 13 (calle Conde Duque, 22), 12 (calle San Bernardo, 85).";"";"3";"http://www.madrid.es/sites/v/index.jsp?vgnextchannel=bfa48ab43d6bb410VgnVCM100000171f5a0aRCRD&vgnextoid=4fde3474eb873810VgnVCM2000001f4a900aRCRD";"MARQUES DE LEGANES";"CALLE";"V";"7";"";"";"";"";"MADRID";"MADRID";"28004";"5";"UNIVERSIDAD";"1";"CENTRO";"439995";"4474846";"40.42208944721562";"-3.707330170865411";"915 933 173";"";"programacion@siroco.es";"/contenido/entidadesYorganismos/AuditoriosSalasConcierto"
12284454;"Sala Tablao de la Villa";"";"";"Estilos: Flamenco";"Metro: Santo domingo (linea 2)  Bus: 44, 133  Aparcamiento: calle Isabel la Catolica (98)";"";"3";"http://www.madrid.es/sites/v/index.jsp?vgnextchannel=bfa48ab43d6bb410VgnVCM100000171f5a0aRCRD&vgnextoid=42536ffbe7c9d810VgnVCM1000001d4a900aRCRD";"TORIJA";"CALLE";"V";"7";"";"";"";"";"MADRID";"MADRID";"28013";"1";"PALACIO";"1";"CENTRO";"439731";"4474700";"40.420747202885515";"-3.710428523676321";"912 042 428";"";"info@tablaodelavilla.com";"/contenido/entidadesYorganismos/AuditoriosSalasConcierto"
12284499;"Sala Tablao Flamenco 1911";"";"";"Estilos: Flamenco";"Metro: Antón Martín (línea 1)  Bus: 002, M1, M3  Aparcamiento: Plaza de Santa Ana  (77)";"";"3";"http://www.madrid.es/sites/v/index.jsp?vgnextchannel=bfa48ab43d6bb410VgnVCM100000171f5a0aRCRD&vgnextoid=9d766ffbe7c9d810VgnVCM1000001d4a900aRCRD";"SANTA ANA";"PLAZA";"V";"15";"";"";"";"";"MADRID";"MADRID";"28012";"3";"CORTES";"1";"CENTRO";"440490";"4474047";"40.414922971596944";"-3.701424270015707";"+34 914 915 056 / +34 650 635 125";"";"reservas@tablaoflamenco1911.com";"/contenido/entidadesYorganismos/AuditoriosSalasConcierto"
12284524;"Sala Teatro Apolo";"";"";"";"Metro: Tirso de molina (línea 1)  Bus: 26, 32, 6, M1, 002, 50, 65, M3  Aparcamiento:   Garaje Centro (68), Calle Relatores, 11";"";"3";"http://www.madrid.es/sites/v/index.jsp?vgnextchannel=bfa48ab43d6bb410VgnVCM100000171f5a0aRCRD&vgnextoid=e8b88c821bc9d810VgnVCM1000001d4a900aRCRD";"TIRSO DE MOLINA";"PLAZA";"V";"1";"";"";"";"";"MADRID";"MADRID";"28012";"2";"EMBAJADORES";"1";"CENTRO";"440323";"4473762";"40.412347852154134";"-3.703362524169017";"";"";"";"/contenido/entidadesYorganismos/AuditoriosSalasConcierto"
12284582;"Sala Teatro Calderón";"";"";"";"Metro: Tirso de molina (línea 1)  Bus: 002, M1, M3, 26, 32, 6, 65, 50.  Aparcamiento: Jacinto Benavente (15), Garaje Centro (68), C/ Relatores, 11";"";"3";"http://www.madrid.es/sites/v/index.jsp?vgnextchannel=bfa48ab43d6bb410VgnVCM100000171f5a0aRCRD&vgnextoid=3e2c37f2adc9d810VgnVCM2000001f4a900aRCRD";"ATOCHA";"CALLE";"V";"18";"";"";"";"";"MADRID";"MADRID";"28012";"2";"EMBAJADORES";"1";"CENTRO";"440326";"4473946";"40.41400427798526";"-3.7033440587300324";"";"";"";"/contenido/entidadesYorganismos/AuditoriosSalasConcierto"
12284621;"Sala Teatro Eslava";"";"";"";"Metro: Sol (lineas 1,2 y 3)  Bus: M3  Aparcamiento:  Descalzas (20), Plaza Descalzas y Plaza San Martín  Renfe:: Sol (C3, C4, C4A)";"";"3";"http://www.madrid.es/sites/v/index.jsp?vgnextchannel=bfa48ab43d6bb410VgnVCM100000171f5a0aRCRD&vgnextoid=c26f37f2adc9d810VgnVCM2000001f4a900aRCRD";"ARENAL";"CALLE";"V";"11";"";"";"";"";"MADRID";"MADRID";"28013";"6";"SOL";"1";"CENTRO";"440063";"4474296";"40.41713685434469";"-3.706484563499915";"915 750 627";"";"hola@teatroeslava.com";"/contenido/entidadesYorganismos/AuditoriosSalasConcierto"
12284638;"Sala Teatro Flamenco Madrid";"";"";"Estilos: Flamenco";"Metro: Noviciado (línea 2)  Bus: 001, 002, 1, 2, 46, 74";"";"3";"http://www.madrid.es/sites/v/index.jsp?vgnextchannel=bfa48ab43d6bb410VgnVCM100000171f5a0aRCRD&vgnextoid=702337f2adc9d810VgnVCM2000001f4a900aRCRD";"PEZ";"CALLE";"V";"10";"";"";"";"";"MADRID";"MADRID";"28004";"5";"UNIVERSIDAD";"1";"CENTRO";"440240";"4474963";"40.423153008537106";"-3.7044603063098367";"911 592 005";"";"reservas@teatroflamencomadrid.com";"/contenido/entidadesYorganismos/AuditoriosSalasConcierto"
12284657;"Sala Teatro Rialto";"";"";"Estilos: Flamenco";"Metro: Santo domingo (línea 2)  Bus: 001, 1, 133, 147, 148, 2, 44, 46, 74, 75, 146, 3";"";"3";"http://www.madrid.es/sites/v/index.jsp?vgnextchannel=bfa48ab43d6bb410VgnVCM100000171f5a0aRCRD&vgnextoid=be58bb7772d9d810VgnVCM2000001f4a900aRCRD";"GRAN VIA";"CALLE";"V";"54";"";"";"";"";"MADRID";"MADRID";"28013";"5";"UNIVERSIDAD";"1";"CENTRO";"439991";"4474769";"40.42139454047835";"-3.707366153320881";"910 839 500";"";"";"/contenido/entidadesYorganismos/AuditoriosSalasConcierto"
12284730;"Sala Teatro Tablao Flamenco Torero";"";"";"Estilos: Flamenco";"Metro: Sol (líneas 1,2 y 3)  Bus: 002, M1, M3, 26, 32, 6, 65  Aparcamiento: Jacinto Benavente (15).  Renfe: Sol (C3, C4 y C4a)";"";"3";"http://www.madrid.es/sites/v/index.jsp?vgnextchannel=bfa48ab43d6bb410VgnVCM100000171f5a0aRCRD&vgnextoid=9df3bb7772d9d810VgnVCM2000001f4a900aRCRD";"CRUZ";"CALLE";"V";"26";"";"";"";"";"MADRID";"MADRID";"28012";"6";"SOL";"1";"CENTRO";"440382";"4474047";"40.41491309678971";"-3.7026944132785204";"674 464 992";"";"ramirofigue@gmail.com";"/contenido/entidadesYorganismos/AuditoriosSalasConcierto"
7035002;"Sala Tempo Audiophile Club";"";"";"Estilos: Funk, Soul.";"Metro: Plaza de España (líneas 3 y 10)  Bus: 001, 1, 133, 138, 2, 44, C1, 74, C2, 39.  Bicimad: Estaciones 116 a y b (Plaza de España), 14 (calle Duque de Liria).  Aparcamiento: Plaza de España (53).";"";"3";"http://www.madrid.es/sites/v/index.jsp?vgnextchannel=bfa48ab43d6bb410VgnVCM100000171f5a0aRCRD&vgnextoid=aec1b043653cf310VgnVCM1000000b205a0aRCRD";"DUQUE DE OSUNA";"CALLE";"V";"8";"";"";"";"";"MADRID";"MADRID";"28015";"5";"UNIVERSIDAD";"1";"CENTRO";"439610";"4475206";"40.42530123256653";"-3.7118988307453913";"915 477 518";"";"info@tempoclub.es";"/contenido/entidadesYorganismos/AuditoriosSalasConcierto"
11784600;"Sala Thundercat";"";"";"Estilos: Rock.";"Metro: Alonso Martínez (líneas 4, 5 y 10).  Bus: 3, 21, 37, C03.  Bicimad: Estaciones 8 (plaza de Alonso Martínez, 5), 7 (calle Hortaleza, 75), 26 (plaza de las Salesas, 7).  Cercanías Renfe: Recoletos (líneas C1, C2, C7, C10 y Regional).  Aparcamientos: Villa de París (67), plaza Villa de París.";"";"3";"http://www.madrid.es/sites/v/index.jsp?vgnextchannel=bfa48ab43d6bb410VgnVCM100000171f5a0aRCRD&vgnextoid=a2c8f1a88e873810VgnVCM2000001f4a900aRCRD";"CAMPOAMOR";"CALLE";"V";"11";"";"";"";"";"MADRID";"MADRID";"28004";"4";"JUSTICIA";"1";"CENTRO";"440982";"4475298";"40.426223842431455";"-3.695739772150343";"654 511 457";"";"info@thundercatclub.com";"/contenido/entidadesYorganismos/AuditoriosSalasConcierto"
11784620;"Sala Vesta";"";"";"Estilos: Pop";"Metro: Chueca (línea 5), Colón (línea 4), Alonso Martínez (líneas 4, 5 y 10).  Bus: 37.  Bicimad: Estaciones 19 (calle Prim, 2), 26 (plaza de las Salesas, 7).  Cercanías Renfe: Recoletos (líneas C1, C2, C7, C10 y Regional).  Aparcamientos: Gravina 21 (89), calle Gravina; garaje Piamonte (96).";"";"3";"http://www.madrid.es/sites/v/index.jsp?vgnextchannel=bfa48ab43d6bb410VgnVCM100000171f5a0aRCRD&vgnextoid=4c2af1a88e873810VgnVCM2000001f4a900aRCRD";"BARQUILLO";"CALLE";"V";"29";"";"";"";"";"MADRID";"MADRID";"28004";"4";"JUSTICIA";"1";"CENTRO";"440986";"4474935";"40.42296190576902";"-3.695655945813078";"";"";"";"/contenido/entidadesYorganismos/AuditoriosSalasConcierto"
12284822;"Sala Villanos";"";"";"Estilos: Flamenco, Funk, Jazz, Soul";"Metro:  Embajadores (línea 3)  Bus: 148, 60, 78, 119, 34, 36, 41, C03, C2  Renfe:: Embajadores (C5)";"";"3";"http://www.madrid.es/sites/v/index.jsp?vgnextchannel=bfa48ab43d6bb410VgnVCM100000171f5a0aRCRD&vgnextoid=c827a3c904d9d810VgnVCM2000001f4a900aRCRD";"BERNARDINO OBREGON";"CALLE";"V";"18";"";"";"";"";"MADRID";"MADRID";"28012";"6";"PALOS DE LA FRONTERA";"2";"ARGANZUELA";"440598";"4472833";"40.40399823840679";"-3.7000406964113997";"";"";"info@salavillanos.es";"/contenido/entidadesYorganismos/AuditoriosSalasConcierto"
2196;"Teatro Real";"Proyectado por Antonio López Aguado en 1818 siguiendo la tipología clásica de teatros del siglo XVIII. Intervienen en su construcción Custodio Moreno e Isidro González Velázquez. De planta irregular hexagonal, presenta dos fachadas principales: una orientada a la plaza de Isabel II, con poca decoración, y la otra al Palacio Real y plaza de Oriente, realizada por González Velázquez y más ornamentada. En el interior destaca el techo de la Gran Sala pintado por Lucas y la lámpara de bronce dorado. En 1925 se cierra por amenaza de ruina y se inicia su reconstrucción a partir de 1940. El 11 de octubre de 1997 se abre como teatro de ópera.";"Horario Taquillas:   Atención en días laborables  Lunes a viernes: 10:00 - 18:30 horas  Atención en días con función  Lunes a viernes: 10:00 horas hasta inicio de función  Sábados:  12:00 horas hasta inicio de función Domingos y festivos: 2 horas antes del inicio de la función";"";"Metro: Ópera (líneas 2, 5 y Ramal Opera-Príncipe Pío). Sol (líneas 1,2 y 3).  Bus: 3, 25 y 39.  Bicimad:  Estación 24 (calle Carlos III, 1).   Parking: Descalzas (20), Plaza Descalzas y Plaza San Martín.";"";"3";"http://www.madrid.es/sites/v/index.jsp?vgnextchannel=bfa48ab43d6bb410VgnVCM100000171f5a0aRCRD&vgnextoid=6fc179262ef5d010VgnVCM1000000b205a0aRCRD";"ISABEL II";"PLAZA";"V";"1";"";"";"";"";"MADRID";"MADRID";"28013";"1";"PALACIO";"1";"CENTRO";"439834";"4474367";"40.41776291784375";"-3.70918800795985";"915 160 600 (Oficinas) / 900 244 848 (Taquilla y venta telefónica)";"915 160 651";"info@teatroreal.es";"/contenido/entidadesYorganismos/AuditoriosSalasConcierto"
122295;"Templete de Música - Parque de La Bombilla";"Su mantenimiento es competencia de la Junta de Distrito de Moncloa - Aravaca.  Actividades: espectáculos variados durante los meses de verano.";"";"";"Metro: Príncipe Pío (líneas 6, 10 y Ramal).  Cercanías RENFE: Príncipe Pío (líneas C1, C7, C10 y Regional).";"";"0";"http://www.madrid.es/sites/v/index.jsp?vgnextchannel=bfa48ab43d6bb410VgnVCM100000171f5a0aRCRD&vgnextoid=9233cbf06c81c010VgnVCM1000000b205a0aRCRD";"SAN ANTONIO DE LA FLORIDA";"GLORIETA";"V";"9";"";"";"";"";"MADRID";"MADRID";"28008";"1";"CASA DE CAMPO";"9";"MONCLOA-ARAVACA";"438418";"4475299";"40.42605230927826";"-3.7259668640812973";"915 885 809";"";"cultumoncloa@madrid.es";"/contenido/entidadesYorganismos/AuditoriosSalasConcierto"
12355479;"Templete del Parque del Retiro";"";"";"";"Metro: Retiro (línea 2).  Bus: 1, 2, 9, 15, 19, 20, 28, 51, 52, 74, 176.";"";"3";"http://www.madrid.es/sites/v/index.jsp?vgnextchannel=bfa48ab43d6bb410VgnVCM100000171f5a0aRCRD&vgnextoid=38caa9889e51f810VgnVCM2000001f4a900aRCRD";"MAESTRO VILLA";"PLAZA";"V";"1";"";"";"";"";"MADRID";"MADRID";"28009";"5";"LOS JERONIMOS";"3";"RETIRO";"441886";"4474535";"40.41941736281525";"-3.6850082736557983";"";"";"";"/contenido/entidadesYorganismos/AuditoriosSalasConcierto"
5452036;"Templete 'José Menese'";"Su mantenimiento es competencia de la Junta de Distrito de Latina.  Actividades : espectáculos variados durante los meses de verano.";"";"";"Metro de Madrid. Línea 6. Estación: Puerta del Ángel. Autobuses EMT. Líneas 25, 31, 33, 36, 39, 65 y 138.";"";"1";"http://www.madrid.es/sites/v/index.jsp?vgnextchannel=bfa48ab43d6bb410VgnVCM100000171f5a0aRCRD&vgnextoid=b6013e3860594210VgnVCM2000000c205a0aRCRD";"HUARTE DE SAN JUAN";"PLAZA";"V";"1";"";"";"";"";"MADRID";"MADRID";"28011";"2";"PUERTA DEL ANGEL";"10";"LATINA";"438428";"4473844";"40.412941426753434";"-3.725711256326908";"";"";"";"/contenido/entidadesYorganismos/AuditoriosSalasConcierto"
165847;"WiZink Center (Palacio de Deportes)";"El WiZink Center es un pabellón multiusos situado en el centro de Madrid, España. Tiene una capacidad que varía en función de la actividad que albergue, pudiendo ampliar su aforo desde los 10.000 iniciales hasta los 12.500 en los encuentros de baloncesto, o un máximo 15.500 en conciertos.";"";"";"Metro: Goya (líneas 2 y 4), O'Donnell (línea 6).  Bus: 143, 56, 2, 71, 28, 21, 53, 15, 63, 43, 30, 29 y C de la EMT   Bicimad: Estaciones 100 (calle Goya, 99) y 98 (plaza de Felipe II).  Aparcamiento: Felipe II (26), avenida Felipe II y calle Goya.";"";"1";"http://www.madrid.es/sites/v/index.jsp?vgnextchannel=bfa48ab43d6bb410VgnVCM100000171f5a0aRCRD&vgnextoid=322a8f90a581c010VgnVCM1000000b205a0aRCRD";"JORGE JUAN";"CALLE";"V";"99";"";"";"";"";"MADRID";"MADRID";"28009";"2";"GOYA";"4";"SALAMANCA";"442985";"4474954";"40.4232728637422";"-3.672100625564379";"91 444 99 49";"";"";"/contenido/entidadesYorganismos/AuditoriosSalasConcierto"

