cod_municipio;municipio;cod_distrito;distrito;cod_barrio;barrio;codigo_Postal;m2_areasverdes;num_personas;num_personas_hombres;num_personas_mujeres;total_transacciones;viv_nuevas_transacciones;viv_usadas_transacciones;lineas_metro;salidas_metro;estaciones_metroligero;estaciones_cercanias;estacion_bus_urbano;Renta neta media por persona;Renta neta media por hogar;Mediana de la renta por unidad de consumo;Renta bruta media por persona;Renta bruta media por hogar;Habitantes;Hogares;tamano_medio_del_hogar;Tamaño del hogar (Nº de personas en la vivienda);hog_con_1;hog_con_2;hog_con_3;hog_con_4;hog_con_5;hog_con_6;hog_con_7;hog_con_8;hog_con_9;hog_con_10;hog_con_11;hog_con_12;hog_con_13;hog_con_14;hog_con_15 y más;Comercio_ServiciosMinoristas;Hosteleria_Restauracion;Salud_Bienestar_Educacion;Servicios_Profesionales;Cultura_Entretenimiento
28079;Madrid;1; Centro;; Centro;;223279,69;139687;70770;68917;2247;81;2166;7;27;;2;181;20587;41059;22050;27030;53908;139687;70318;1,99;34155;19867;8273;4588;1802;750;388;162;101;74;43;36;20;11;48;48;1208;1054;137;582;259
28079;Madrid;2; Arganzuela;; Arganzuela;;547810,61;153304;71754;81550;1317;133;1184;4;9;;4;186;21383;49236;28350;27431;63160;153304;66492;2,31;23071;19402;11511;8672;2461;765;290;142;84;41;17;10;9;4;13;13;1151;633;494;969;454
28079;Madrid;3; Retiro;; Retiro;;1427833,13;117918;53458;64460;1056;7;1049;4;8;;;138;25407;60762;31850;33396;79868;117918;49343;2,39;16179;14399;8613;6407;2352;836;330;117;51;23;10;9;0;4;13;13;408;160;169;349;164
28079;Madrid;4; Salamanca;; Salamanca;;333526,92;145702;64452;81250;1967;89;1878;6;18;;1;186;28140;64925;31150;38751;89407;145702;63877;2,28;24741;17692;9580;6897;3027;1133;430;173;98;38;11;10;8;9;30;30;2470;1051;928;2315;917
28079;Madrid;5; Chamartín;; Chamartín;;214208,79;144796;65245;79551;1480;143;1337;7;20;;1;275;30506;74842;34650;42678;104706;144796;59133;2,45;20435;16135;9450;7148;3507;1406;536;234;113;56;32;13;14;9;45;45;693;274;228;505;220
28079;Madrid;6; Tetuán;; Tetuán;;301634,64;160002;72938;87064;2200;519;1681;6;12;;;166;18062;42465;20650;22890;53816;160002;68311;2,34;25992;18858;10376;7151;2931;1446;704;365;202;119;70;36;21;12;28;28;1337;589;375;1502;538
28079;Madrid;7; Chamberí;; Chamberí;;19676,71;138204;61149;77055;1846;152;1694;9;22;;;151;27076;60032;31150;36934;81889;138204;62667;2,21;25648;17322;9136;6372;2540;922;351;152;86;53;21;9;12;4;39;39;1930;1116;1039;1910;905
28079;Madrid;8; Fuencarral-El Pardo;; Fuencarral-El Pardo;;2811379,11;248443;116944;131499;2033;660;1373;3;14;2;5;448;21947;58214;28350;28798;76386;248443;92887;2,67;23923;25430;18298;15878;5847;1956;777;358;198;71;53;32;13;5;48;48;197;95;148;121;99
28079;Madrid;9; Moncloa-Aravaca;; Moncloa-Aravaca;;19901425,71;121757;56357;65400;1075;148;927;6;14;1;3;351;26694;68238;30450;36592;93541;121757;47279;2,58;14738;12794;8103;6623;2892;1159;489;212;109;44;26;18;11;2;59;59;532;200;235;347;207
28079;Madrid;10; Latina;; Latina;;1047961,80;241672;112093;129579;2145;281;1864;3;10;2;5;307;14375;35669;18550;17267;42843;241672;97250;2,49;30102;29047;17193;12270;4384;1987;1047;552;307;163;82;39;31;15;31;31;1223;499;366;628;523
28079;Madrid;11; Carabanchel;; Carabanchel;;1560281,98;262339;122632;139707;2813;334;2479;3;16;;;289;12764;33786;16450;15239;40339;262339;98591;2,66;28825;26394;18006;14188;5370;2616;1477;749;439;218;139;64;32;17;57;57;1332;483;298;854;455
28079;Madrid;12; Usera;; Usera;;515144,12;142746;67538;75208;772;62;710;2;4;;2;186;11430;31996;15050;13481;37737;142746;50958;2,80;13483;13137;9712;7687;3288;1654;926;482;264;140;77;43;23;16;26;26;1495;565;267;689;491
28079;Madrid;13; Puente de Vallecas;; Puente de Vallecas;;1558120,25;241603;114542;127061;2695;650;2045;1;7;;3;311;11452;30339;15050;13354;35380;241603;90868;2,66;26108;24657;17123;12570;5152;2407;1295;720;361;170;123;60;50;22;50;50;423;137;90;189;173
28079;Madrid;14; Moratalaz;; Moratalaz;;486635,25;92814;42212;50602;701;32;669;9;4;;;159;16437;40324;21350;20091;49289;92814;37678;2,46;11265;11396;6942;5171;1712;616;281;149;69;35;19;4;6;3;10;10;752;245;237;309;321
28079;Madrid;15; Ciudad Lineal;; Ciudad Lineal;;572705,15;220345;100759;119586;2550;156;2394;5;14;1;;272;17808;43738;21350;22440;55112;220345;89467;2,46;28853;25688;15774;11251;4305;1768;881;429;243;93;62;36;31;7;46;46;1211;517;459;1049;556
28079;Madrid;16; Hortaleza;; Hortaleza;;1758172,63;198391;94100;104291;1817;436;1381;2;9;6;1;325;21766;57506;26950;29047;76741;198391;74740;2,65;19312;20136;14860;13430;4488;1448;565;235;110;61;38;13;8;4;32;32;1114;603;596;1135;486
28079;Madrid;17; Villaverde;; Villaverde;;711122,71;159038;76131;82907;837;187;650;1;4;;5;193;11563;32527;15750;13604;38269;159038;56346;2,82;14009;14776;10987;9059;3650;1809;889;521;299;154;78;50;22;15;28;28;139;64;45;79;54
28079;Madrid;18; Villa de Vallecas;; Villa de Vallecas;;2681388,61;117501;56726;60775;1289;455;834;1;5;;1;158;14274;36998;19250;17346;44960;117501;45035;2,61;12370;11967;9219;7657;2125;834;406;211;122;49;27;23;10;4;11;11;0;0;0;0;0
28079;Madrid;19; Vicálvaro;; Vicálvaro;;1063815,26;83804;40580;43224;1647;1198;449;1;4;;1;138;14832;39505;20650;18214;48513;83804;31143;2,69;7582;8242;6781;5930;1519;562;248;137;57;27;23;14;6;1;14;14;180;72;72;52;92
28079;Madrid;20; San Blas-Canillejas;; San Blas-Canillejas;;995950,44;161219;76154;85065;2130;549;1581;3;10;;;275;15902;41474;19950;19768;51558;161219;61374;2,63;16710;16509;12399;10322;3089;1171;579;284;141;66;44;26;4;4;26;26;1504;739;381;828;552
28079;Madrid;21; Barajas;; Barajas;;1904384,53;48646;23332;25314;412;61;351;2;6;;2;144;20788;54343;26950;27125;70909;48646;18518;2,63;4694;5048;3827;3437;1001;290;113;44;39;12;3;3;0;0;7;7;399;345;125;522;108
28079;Madrid;1; Centro;11;Palacio;28013;;23501;11557;11944;258;33;225;;;;;;;;;;;;;;;;;;;;;;;;;;;;;;26;30;0;0;0
28079;Madrid;1; Centro;12;Embajadores;28012;;46204;24094;22110;750;9;741;1;;;;;;;;;;;;;;;;;;;;;;;;;;;;;38;23;0;3;0
28079;Madrid;1; Centro;13;Cortes;28014;;10816;5350;5466;180;0;180;;;;;;;;;;;;;;;;;;;;;;;;;;;;;;17;2;0;1;0
28079;Madrid;1; Centro;14;Justicia;28004;;18219;9261;8958;323;0;323;;;;;;;;;;;;;;;;;;;;;;;;;;;;;;66;30;0;2;0
28079;Madrid;1; Centro;15;Universidad;28015;;32783;16269;16514;613;30;583;;;;;;;;;;;;;;;;;;;;;;;;;;;;;;36;8;2;8;0
28079;Madrid;1; Centro;16;Sol;28013;;8164;4239;3925;123;9;114;1;;;;;;;;;;;;;;;;;;;;;;;;;;;;;1025;961;135;568;259
28079;Madrid;2; Arganzuela;21;Imperial;28005;;22385;10421;11964;153;18;135;;;;;;;;;;;;;;;;;;;;;;;;;;;;;;34;33;3;8;0
28079;Madrid;2; Arganzuela;22;Acacias;28005;;36069;16616;19453;217;15;202;1;;;;;;;;;;;;;;;;;;;;;;;;;;;;;455;216;249;319;235
28079;Madrid;2; Arganzuela;23;Chopera;28045;;19761;8992;10769;191;9;182;;;;;;;;;;;;;;;;;;;;;;;;;;;;;;36;21;3;7;0
28079;Madrid;2; Arganzuela;24;Legazpi;28045;;19468;9508;9960;173;51;122;;;;;;;;;;;;;;;;;;;;;;;;;;;;;;172;120;86;251;80
28079;Madrid;2; Arganzuela;25;Delicias;28045;;28575;13463;15112;246;18;228;1;;;;;;;;;;;;;;;;;;;;;;;;;;;;;358;194;136;237;126
28079;Madrid;2; Arganzuela;26;PalosdeMoguer;28045;;25097;11797;13300;332;22;310;;;;;;;;;;;;;;;;;;;;;;;;;;;;;;;;;;
28079;Madrid;2; Arganzuela;27;Atocha;28045;;1949;957;992;5;0;5;2;;;;;;;;;;;;;;;;;;;;;;;;;;;;;96;49;17;147;13
28079;Madrid;3; Retiro;31;Pacífico;28007;;33027;14809;18218;329;5;324;;;;;;;;;;;;;;;;;;;;;;;;;;;;;;37;2;2;20;0
28079;Madrid;3; Retiro;32;Adelfas;28007;;18832;8699;10133;117;1;116;;;;;;;;;;;;;;;;;;;;;;;;;;;;;;160;80;67;158;84
28079;Madrid;3; Retiro;33;Estrella;28007;;22649;10393;12256;147;1;146;;;;;;;;;;;;;;;;;;;;;;;;;;;;;;180;74;99;167;80
28079;Madrid;3; Retiro;34;Ibiza;28009;;21492;9568;11924;257;0;257;;;;;;;;;;;;;;;;;;;;;;;;;;;;;;31;4;1;4;0
28079;Madrid;3; Retiro;35;LosJerónimos;28014;;6825;3177;3648;82;0;82;;;;;;;;;;;;;;;;;;;;;;;;;;;;;;;;;;
28079;Madrid;3; Retiro;36;NiñoJesús;28009;;15093;6812;8281;124;0;124;;;;;;;;;;;;;;;;;;;;;;;;;;;;;;;;;;
28079;Madrid;4; Salamanca;41;Recoletos;28001;;15444;6966;8478;243;8;235;1;;;;;;;;;;;;;;;;;;;;;;;;;;;;;51;3;0;2;0
28079;Madrid;4; Salamanca;42;Goya;28001;;29477;12872;16605;478;4;474;;;;;;;;;;;;;;;;;;;;;;;;;;;;;;993;455;367;609;390
28079;Madrid;4; Salamanca;43;FuentedelBerro;28028;;20929;9129;11800;255;1;254;;;;;;;;;;;;;;;;;;;;;;;;;;;;;;;;;;
28079;Madrid;4; Salamanca;44;Guindalera;28028;;41964;19006;22958;555;71;484;;;;;;;;;;;;;;;;;;;;;;;;;;;;;;751;295;316;677;270
28079;Madrid;4; Salamanca;45;Lista;28006;;20969;9056;11913;247;2;245;;;;;;;;;;;;;;;;;;;;;;;;;;;;;;30;1;1;2;0
28079;Madrid;4; Salamanca;46;Castellana;28006;;16919;7423;9496;189;3;186;;;;;;;;;;;;;;;;;;;;;;;;;;;;;;645;297;244;1025;257
28079;Madrid;5; Chamartín;51;ElViso;28002;;17274;7810;9464;184;6;178;;;;;;;;;;;;;;;;;;;;;;;;;;;;;;;;;;
28079;Madrid;5; Chamartín;52;Prosperidad;28002;;36027;16072;19955;383;43;340;;;;;;;;;;;;;;;;;;;;;;;;;;;;;;673;272;228;499;220
28079;Madrid;5; Chamartín;53;CiudadJardín;28002;;18513;8234;10279;267;52;215;;;;;;;;;;;;;;;;;;;;;;;;;;;;;;;;;;
28079;Madrid;5; Chamartín;54;Hispanoamérica;28016;;31470;14159;17311;311;12;299;;;;;;;;;;;;;;;;;;;;;;;;;;;;;;20;1;0;5;0
28079;Madrid;5; Chamartín;55;NuevaEspaña;28016;;24466;11050;13416;186;26;160;;;;;;;;;;;;;;;;;;;;;;;;;;;;;;;;;;
28079;Madrid;5; Chamartín;56;Castilla;28046;;17046;7920;9126;149;4;145;1;;;;;;;;;;;;;;;;;;;;;;;;;;;;;0;1;0;1;0
28079;Madrid;6; Tetuán;61;BellasVistas;28039;;29355;13428;15927;230;5;225;;;;;;;;;;;;;;;;;;;;;;;;;;;;;;;;;;
28079;Madrid;6; Tetuán;62;CuatroCaminos;28020;;34753;15537;19216;416;20;396;;;;;;;;;;;;;;;;;;;;;;;;;;;;;;;;;;
28079;Madrid;6; Tetuán;63;Castillejos;28020;;20570;9239;11331;289;5;284;;;;;;;;;;;;;;;;;;;;;;;;;;;;;;382;295;192;896;238
28079;Madrid;6; Tetuán;64;Almenara;28029;;23057;10688;12369;303;56;247;;;;;;;;;;;;;;;;;;;;;;;;;;;;;;30;1;6;16;0
28079;Madrid;6; Tetuán;65;Valdeacederas;28029;;26573;12442;14131;693;399;294;;;;;;;;;;;;;;;;;;;;;;;;;;;;;;493;137;78;293;158
28079;Madrid;6; Tetuán;66;Berruguete;28039;;25694;11604;14090;269;34;235;;;;;;;;;;;;;;;;;;;;;;;;;;;;;;432;156;99;297;142
28079;Madrid;7; Chamberí;71;Gaztambide;28015;;22959;10157;12802;260;3;257;;;;;;;;;;;;;;;;;;;;;;;;;;;;;;665;287;284;319;303
28079;Madrid;7; Chamberí;72;Arapiles;28015;;24190;10831;13359;312;25;287;;;;;;;;;;;;;;;;;;;;;;;;;;;;;;547;274;221;392;232
28079;Madrid;7; Chamberí;73;Trafalgar;28010;;24621;11147;13474;376;0;376;;;;;;;;;;;;;;;;;;;;;;;;;;;;;;21;62;0;4;0
28079;Madrid;7; Chamberí;74;Almagro;28010;;19418;8567;10851;310;34;276;;;;;;;;;;;;;;;;;;;;;;;;;;;;;;432;311;309;875;238
28079;Madrid;7; Chamberí;75;RíosRosas;28003;;27163;11828;15335;380;54;326;;;;;;;;;;;;;;;;;;;;;;;;;;;;;;;;;;
28079;Madrid;7; Chamberí;76;Vallehermoso;28003;;19853;8619;11234;208;36;172;;;;;;;;;;;;;;;;;;;;;;;;;;;;;;265;182;225;320;132
28079;Madrid;8; Fuencarral-El Pardo;81;ElPardo;28048;;3421;1716;1705;24;0;24;;;;;;;;;;;;;;;;;;;;;;;;;;;;;;;;;;
28079;Madrid;8; Fuencarral-El Pardo;82;Fuentelarreina;28035;;3410;1559;1851;30;2;28;;;;;;;;;;;;;;;;;;;;;;;;;;;;;;11;0;1;1;0
28079;Madrid;8; Fuencarral-El Pardo;83;Peñagrande;28035;;44341;20597;23744;336;20;316;;;;;;;;;;;;;;;;;;;;;;;;;;;;;;;;;;
28079;Madrid;8; Fuencarral-El Pardo;84;Pilar;28029;;45610;20720;24890;396;115;281;;;;;;;;;;;;;;;;;;;;;;;;;;;;;;;;;;
28079;Madrid;8; Fuencarral-El Pardo;85;LaPaz;28029;;32192;14964;17228;156;1;155;;;;;;;;;;;;;;;;;;;;;;;;;;;;;;;;;;
28079;Madrid;8; Fuencarral-El Pardo;86;Valverde;28034;;64757;30851;33906;561;184;377;2;;;;;;;;;;;;;;;;;;;;;;;;;;;;;9;1;0;3;0
28079;Madrid;8; Fuencarral-El Pardo;87;Mirasierra;28035;;35676;17160;18516;353;217;136;2;;;;;;;;;;;;;;;;;;;;;;;;;;;;;177;94;147;117;99
28079;Madrid;8; Fuencarral-El Pardo;88;ElGoloso;28049;;19036;9377;9659;177;121;56;2;;;;;;;;;;;;;;;;;;;;;;;;;;;;;;;;;
28079;Madrid;9; Moncloa-Aravaca;91;CasadeCampo;28011;;12767;5958;6809;95;15;80;1;;;;;;;;;;;;;;;;;;;;;;;;;;;;;;;;;
28079;Madrid;9; Moncloa-Aravaca;92;Argüelles;28008;;24497;11207;13290;333;88;245;;;;;;;;;;;;;;;;;;;;;;;;;;;;;;33;3;0;3;0
28079;Madrid;9; Moncloa-Aravaca;93;CiudadUniversitaria;28040;;16364;7603;8761;109;8;101;;;;;;;;;;;;;;;;;;;;;;;;;;;;;;;;;;
28079;Madrid;9; Moncloa-Aravaca;94;Valdezarza;28039;;30484;14001;16483;241;3;238;;;;;;;;;;;;;;;;;;;;;;;;;;;;;;239;91;102;176;103
28079;Madrid;9; Moncloa-Aravaca;95;Valdemarín;28023;;7156;3339;3817;61;10;51;;;;;;;;;;;;;;;;;;;;;;;;;;;;;;12;0;0;0;0
28079;Madrid;9; Moncloa-Aravaca;96;ElPlantío;28023;;3044;1413;1631;35;15;20;1;;;;;;;;;;;;;;;;;;;;;;;;;;;;;;;;;
28079;Madrid;9; Moncloa-Aravaca;97;Aravaca;28023;;27445;12836;14609;200;9;191;1;;;;;;;;;;;;;;;;;;;;;;;;;;;;;248;106;133;168;104
28079;Madrid;10; Latina;101;LosCármenes;28047;;17903;8484;9419;142;15;127;1;;;;;;;;;;;;;;;;;;;;;;;;;;;;;;;;;
28079;Madrid;10; Latina;102;PuertadelÁngel;28011;;43292;20165;23127;532;117;415;;;;;;;;;;;;;;;;;;;;;;;;;;;;;;;;;;
28079;Madrid;10; Latina;103;Lucero;28047;;36749;17156;19593;396;63;333;;;;;;;;;;;;;;;;;;;;;;;;;;;;;;397;159;106;214;163
28079;Madrid;10; Latina;104;Aluche;28047;;66588;30384;36204;519;23;496;1;;;;;;;;;;;;;;;;;;;;;;;;;;;;;817;338;255;413;360
28079;Madrid;10; Latina;105;Campamento;28024;;19750;9111;10639;147;17;130;;;;;;;;;;;;;;;;;;;;;;;;;;;;;;9;2;2;1;0
28079;Madrid;10; Latina;106;CuatroVientos;28024;;6122;3068;3054;30;2;28;1;;;;;;;;;;;;;;;;;;;;;;;;;;;;;;;;;
28079;Madrid;10; Latina;107;Águilas;28044;;51268;23725;27543;379;44;335;1;;;;;;;;;;;;;;;;;;;;;;;;;;;;;0;0;3;0;0
28079;Madrid;11; Carabanchel;111;Comillas;28019;;22721;10491;12230;294;28;266;;;;;;;;;;;;;;;;;;;;;;;;;;;;;;17;1;4;11;0
28079;Madrid;11; Carabanchel;112;Opañel;28019;;33883;15556;18327;351;47;304;;;;;;;;;;;;;;;;;;;;;;;;;;;;;;597;205;107;437;214
28079;Madrid;11; Carabanchel;113;SanIsidro;28019;;40368;18969;21399;427;46;381;;;;;;;;;;;;;;;;;;;;;;;;;;;;;;;;;;
28079;Madrid;11; Carabanchel;114;VistaAlegre;28025;;47727;21823;25904;505;36;469;;;;;;;;;;;;;;;;;;;;;;;;;;;;;;;;;;
28079;Madrid;11; Carabanchel;115;PuertaBonita;28025;;36798;17349;19449;400;44;356;;;;;;;;;;;;;;;;;;;;;;;;;;;;;;;;;;
28079;Madrid;11; Carabanchel;116;Buenavista;28025;;49151;23733;25418;519;113;406;;;;;;;;;;;;;;;;;;;;;;;;;;;;;;690;276;185;398;241
28079;Madrid;11; Carabanchel;117;Abrantes;28041;;31691;14711;16980;317;20;297;;;;;;;;;;;;;;;;;;;;;;;;;;;;;;28;1;2;8;0
28079;Madrid;12; Usera;121;Orcasitas;28041;;23085;10900;12185;122;1;121;;;;;;;;;;;;;;;;;;;;;;;;;;;;;;164;74;42;42;62
28079;Madrid;12; Usera;122;Orcasur;28041;;14390;6987;7403;12;2;10;2;;;;;;;;;;;;;;;;;;;;;;;;;;;;;121;58;39;78;47
28079;Madrid;12; Usera;123;SanFermín;28041;;23598;11246;12352;187;10;177;;;;;;;;;;;;;;;;;;;;;;;;;;;;;;;;;;
28079;Madrid;12; Usera;124;Almendrales;28026;;22834;10755;12079;135;21;114;;;;;;;;;;;;;;;;;;;;;;;;;;;;;;34;3;3;13;0
28079;Madrid;12; Usera;125;Moscardó;28026;;26579;12531;14048;176;17;159;;;;;;;;;;;;;;;;;;;;;;;;;;;;;;617;236;93;230;187
28079;Madrid;12; Usera;126;Zofío;28026;;14382;6681;7701;133;9;124;;;;;;;;;;;;;;;;;;;;;;;;;;;;;;155;59;32;117;64
28079;Madrid;12; Usera;127;Pradolongo;28041;;17878;8438;9440;7;2;5;;;;;;;;;;;;;;;;;;;;;;;;;;;;;;404;135;58;209;131
28079;Madrid;13; Puente de Vallecas;131;Entrevías;28053;;35399;16976;18423;403;172;231;2;;;;;;;;;;;;;;;;;;;;;;;;;;;;;15;3;1;5;0
28079;Madrid;13; Puente de Vallecas;132;SanDiego;28053;;45104;21593;23511;699;242;457;;;;;;;;;;;;;;;;;;;;;;;;;;;;;;;;;;
28079;Madrid;13; Puente de Vallecas;133;PalomerasBajas;28018;;40477;18947;21530;315;47;268;;;;;;;;;;;;;;;;;;;;;;;;;;;;;;;;;;
28079;Madrid;13; Puente de Vallecas;134;PalomerasSureste;28018;;43162;20491;22671;424;39;385;1;;;;;;;;;;;;;;;;;;;;;;;;;;;;;;;;;
28079;Madrid;13; Puente de Vallecas;135;Portazgo;28018;;28741;13471;15270;308;56;252;;;;;;;;;;;;;;;;;;;;;;;;;;;;;;385;123;83;176;173
28079;Madrid;13; Puente de Vallecas;136;Numancia;28038;;48720;23064;25656;546;94;452;;;;;;;;;;;;;;;;;;;;;;;;;;;;;;23;11;6;8;0
28079;Madrid;14; Moratalaz;141;Pavones;28030;;8814;4035;4779;58;4;54;;;;;;;;;;;;;;;;;;;;;;;;;;;;;;28;1;4;12;0
28079;Madrid;14; Moratalaz;142;Horcajo;28030;;6339;3029;3310;20;1;19;;;;;;;;;;;;;;;;;;;;;;;;;;;;;;42;15;29;24;8
28079;Madrid;14; Moratalaz;143;Marroquina;28030;;26120;11962;14158;183;8;175;;;;;;;;;;;;;;;;;;;;;;;;;;;;;;316;138;126;164;198
28079;Madrid;14; Moratalaz;144;MediaLegua;28030;;17323;7828;9495;122;4;118;;;;;;;;;;;;;;;;;;;;;;;;;;;;;;;;;;
28079;Madrid;14; Moratalaz;145;Fontarrón;28030;;17333;7876;9457;158;13;145;;;;;;;;;;;;;;;;;;;;;;;;;;;;;;185;48;45;54;46
28079;Madrid;14; Moratalaz;146;Vinateros;28030;;16885;7482;9403;160;2;158;;;;;;;;;;;;;;;;;;;;;;;;;;;;;;181;43;33;55;69
28079;Madrid;15; Ciudad Lineal;151;Ventas;28027;;50218;22868;27350;599;68;531;;;;;;;;;;;;;;;;;;;;;;;;;;;;;;45;4;7;12;0
28079;Madrid;15; Ciudad Lineal;152;PuebloNuevo;28017;;62840;28982;33858;774;31;743;;;;;;;;;;;;;;;;;;;;;;;;;;;;;;;;;;
28079;Madrid;15; Ciudad Lineal;153;Quintana;28027;;25469;11449;14020;346;26;320;;;;;;;;;;;;;;;;;;;;;;;;;;;;;;537;188;148;329;231
28079;Madrid;15; Ciudad Lineal;154;Concepción;28027;;20941;9402;11539;254;0;254;;;;;;;;;;;;;;;;;;;;;;;;;;;;;;382;184;117;324;157
28079;Madrid;15; Ciudad Lineal;155;SanPascual;28027;;18327;8349;9978;171;0;171;;;;;;;;;;;;;;;;;;;;;;;;;;;;;;;;;;
28079;Madrid;15; Ciudad Lineal;156;SanJuanBautista;28043;;12445;5813;6632;131;8;123;;;;;;;;;;;;;;;;;;;;;;;;;;;;;;;;;;
28079;Madrid;15; Ciudad Lineal;157;Colina;28027;;6569;2973;3596;105;11;94;;;;;;;;;;;;;;;;;;;;;;;;;;;;;;97;41;65;111;51
28079;Madrid;15; Ciudad Lineal;158;Atalaya;28027;;1622;691;931;17;1;16;;;;;;;;;;;;;;;;;;;;;;;;;;;;;;7;5;15;17;13
28079;Madrid;15; Ciudad Lineal;159;Costillares;28027;;21914;10232;11682;153;11;142;;;;;;;;;;;;;;;;;;;;;;;;;;;;;;143;95;107;256;104
28079;Madrid;16; Hortaleza;161;Palomas;28043;;6922;3404;3518;50;0;50;;;;;;;;;;;;;;;;;;;;;;;;;;;;;;66;38;27;45;30
28079;Madrid;16; Hortaleza;162;Piovera;28055;;15041;7211;7830;186;94;92;;;;;;;;;;;;;;;;;;;;;;;;;;;;;;94;78;81;82;64
28079;Madrid;16; Hortaleza;163;Canillas;28043;;39786;18485;21301;321;10;311;;;;;;;;;;;;;;;;;;;;;;;;;;;;;;544;234;239;407;240
28079;Madrid;16; Hortaleza;164;PinardelRey;28033;;52031;23825;28206;448;62;386;;;;;;;;;;;;;;;;;;;;;;;;;;;;;;;;;;
28079;Madrid;16; Hortaleza;165;ApóstolSantiago;28033;;15435;7344;8091;138;8;130;;;;;;;;;;;;;;;;;;;;;;;;;;;;;;;;;;
28079;Madrid;16; Hortaleza;166;Valdefuentes;28033;;69176;33831;35345;674;262;412;1;;;;;;;;;;;;;;;;;;;;;;;;;;;;;410;253;249;601;152
28079;Madrid;17; Villaverde;171;VillaverdeAlto,CascoHistóricodeVillaverde;28055;;47817;22826;24991;11;0;11;3;;;;;;;;;;;;;;;;;;;;;;;;;;;;;;;;;
28079;Madrid;17; Villaverde;172;SanCristóbal;28021;;17270;8586;8684;316;75;241;1;;;;;;;;;;;;;;;;;;;;;;;;;;;;;;;;;
28079;Madrid;17; Villaverde;173;Butarque;28021;;21316;10306;11010;165;43;122;;;;;;;;;;;;;;;;;;;;;;;;;;;;;;139;64;45;79;54
28079;Madrid;17; Villaverde;174;LosRosales;28021;;37808;18121;19687;336;68;268;1;;;;;;;;;;;;;;;;;;;;;;;;;;;;;;;;;
28079;Madrid;17; Villaverde;175;Ángeles;28021;;34827;16292;18535;9;1;8;;;;;;;;;;;;;;;;;;;;;;;;;;;;;;;;;;
28079;Madrid;18; Villa de Vallecas;181;CascoHistóricodeVallecas;28021;;40417;19413;21004;419;107;312;;;;;;;;;;;;;;;;;;;;;;;;;;;;;;;;;;
28079;Madrid;18; Villa de Vallecas;182;SantaEugenia;28031;;23876;11381;12495;139;2;137;1;;;;;;;;;;;;;;;;;;;;;;;;;;;;;;;;;
28079;Madrid;18; Villa de Vallecas;183;EnsanchedeVallecas;28031;;53208;25932;27276;730;345;385;;;;;;;;;;;;;;;;;;;;;;;;;;;;;;;;;;
28079;Madrid;19; Vicálvaro;191;CascoHistóricodeVicálvaro;28031;;35519;17009;18510;440;121;319;1;;;;;;;;;;;;;;;;;;;;;;;;;;;;;;;;;
28079;Madrid;19; Vicálvaro;192;Valdebernardo;28032;;17471;8330;9141;37;6;31;;;;;;;;;;;;;;;;;;;;;;;;;;;;;;142;54;45;41;81
28079;Madrid;19; Vicálvaro;193;Valderrivas;28032;;17760;8589;9171;85;3;82;;;;;;;;;;;;;;;;;;;;;;;;;;;;;;38;18;27;11;11
28079;Madrid;19; Vicálvaro;194;ElCañaveral;28032;;13054;6652;6402;1085;1068;17;;;;;;;;;;;;;;;;;;;;;;;;;;;;;;;;;;
28079;Madrid;20; San Blas-Canillejas;201;Simancas;28032;;28765;13560;15205;358;9;349;;;;;;;;;;;;;;;;;;;;;;;;;;;;;;7;2;1;6;0
28079;Madrid;20; San Blas-Canillejas;202;Hellín;28037;;9555;4375;5180;175;1;174;;;;;;;;;;;;;;;;;;;;;;;;;;;;;;31;17;23;9;20
28079;Madrid;20; San Blas-Canillejas;203;Amposta;28037;;9126;4258;4868;146;3;143;;;;;;;;;;;;;;;;;;;;;;;;;;;;;;154;52;29;31;38
28079;Madrid;20; San Blas-Canillejas;204;Arcos;28037;;25354;11932;13422;237;11;226;;;;;;;;;;;;;;;;;;;;;;;;;;;;;;186;83;58;36;62
28079;Madrid;20; San Blas-Canillejas;205;Rosas;28037;;30751;14727;16024;124;10;114;;;;;;;;;;;;;;;;;;;;;;;;;;;;;;302;248;136;149;162
28079;Madrid;20; San Blas-Canillejas;206;Rejas;28037;;17399;8495;8904;694;506;188;;;;;;;;;;;;;;;;;;;;;;;;;;;;;;370;164;33;352;93
28079;Madrid;20; San Blas-Canillejas;207;Canillejas;28037;;29067;13528;15539;320;3;317;;;;;;;;;;;;;;;;;;;;;;;;;;;;;;454;173;101;245;177
28079;Madrid;20; San Blas-Canillejas;208;ElSalvador;28037;;11202;5279;5923;76;6;70;;;;;;;;;;;;;;;;;;;;;;;;;;;;;;;;;;
28079;Madrid;21; Barajas;211;AlamedadeOsuna;28037;;19685;9397;10288;141;15;126;;;;;;;;;;;;;;;;;;;;;;;;;;;;;;;;;;
28079;Madrid;21; Barajas;212;Aeropuerto;28042;;1902;965;937;13;0;13;;;;;;;;;;;;;;;;;;;;;;;;;;;;;;258;133;20;262;18
28079;Madrid;21; Barajas;213;CascoHistóricodeBarajas;28042;;7384;3519;3865;94;12;82;;;;;;;;;;;;;;;;;;;;;;;;;;;;;;;;;;
28079;Madrid;21; Barajas;214;Timón;28042;;12049;5702;6347;104;33;71;2;;;;;;;;;;;;;;;;;;;;;;;;;;;;;89;75;73;85;50
28079;Madrid;21; Barajas;215;Corralejos;28042;;7626;3749;3877;60;1;59;;;;;;;;;;;;;;;;;;;;;;;;;;;;;;52;137;32;175;40
